id|Autor/a|Obra|Fecha de estreno|Dirección|Compañía|Festivales|Lugar de estreno|fechaFormat
1|Lope de Vega|La Viuda Valenciana|30 de marzo de 2023|Adrián Novella|La Valenciana||Teatro Rialto de Valencia|30-03-2023
2|Lope de Vega|Fuenteovejuna|30 de junio de 2023|Mariano de Paco Serrano|Teatro Círculo||Corral Cervantes de Madrid|30-06-2023
3|Lope de Vega|Lo fingido verdadero. Historia de San Ginés, mártir y comediante; La finzione veritiera|22 de julio de 2022|Luca Vonella|Teatro a Canone|Festival internacional de Teatro Clásico de Almagro|Teatro Municipal de Almagro, Ciudad Real|
4|Lope de Vega|Lo fingido verdadero|1 de febrero de 2022|Lluís Homar|Compañía Nacional de Teatro Clásico,CNTC||Sala Princioa del Teatro de la Comedia de Madrid|
5|Lope de Vega|La malcasada|14 de julio de 2022|Ana Vélez|Tumbalobos Teatro|Festival internacional de Teatro Clásico de Almagro|Teatro Municipal de Almagro, Ciudad Real|14-07-2022
6|Lope de Vega|La hermosa fea|17 de junio de 2022|Gabriel García y Daniel Acebes|Diágoras Producciones|Festival Clásicos en Alcalá|Centro Sociocultural Gilitos de Alcalá de Henares, Madrid|17-06-2022
7|Lope de Vega|La discreta enamorada|20 de mayo de 2022|Manuel Carcedo Sama|Karpas Tratro||Teatro Karpas de Madrid|20-05-2022
8|Lope de Vega|La dama boba|3 de julio de 2022|Rodrigo Arribas|Fundación Siglo de Oro|Festival internacional de Teatro Clásico de Almagro|Corral de Comedias de Alcalá de Henares, Madrid|
9|Lope de Vega|El Perro del Hortelano|15 de julio de 2022|Hugo Giachino|Stayin' alive|Festival internacional de Teatro Clásico de Almagro|Casa Palacio de los Villarreal de Almagro, Ciudad Real|15-07-2022
10|Lope de Vega|El marqués de las Navas|19 de junio de 2022||Factoría Teatro|Festival Clásicos de Alcalá|Teatro Salón Cervantes de Alcalá de Henares, Madrid|19-06-2022
11|Lope de Vega|El amor enamorad|22 de julio de 2022|Borja Rodríguez|Mic Producciones Teatrales|Festival internacional de Teatro Clásico de Almagro|Antigua Universidad Renacentista de Almadro, Ciudad Real|22-07-2022
12|Lope de Vega|Arte nuevo de hacer melindres en estos tiempos|28 de julio de 2022|Juan Polanco|Cía Kazo Teatro||Sala Nave 73 de Madrid|28-07-2022
13|Lope de Vega|Peribáñez y el comedor de Ocaña|29 de enero de 2021|Eduardo Vasco|Noviembre Teatro||Teatro Calderón de Valladolid|29-01-2021
14|Lope de Vega|Los guanches de Tenerife y conquista de Canaria|24 de junio de 2021|Jesús Román|Cía. Garcilasos|||24-06-2021
15|Lope de Vega|Las bizarrías de Belisa|23 de julio de 2021|Antonio Alcalde|Clásicos on the Road|Festival internacional de Teatro Clásico de Almagro|Corral de Comedias|23-07-2021
16|Lope de Vega|La boba para los otros|8 de octubre de 2021|Rafael Rodríguez|2Rc Producciones|Festival iberoamericano del Siglo de Oro, Festival de Teatro Clásico de Olmedo|Teatro Pérez Galdós de Las Palmas de Gran Canaria|
17|Lope de Vega|Fuenteovejuna, historia de un maltrato|16 de octubre de 2021|Marianella Morena|La Morena; Jóvenez Clásicos||Teatro del Títere de la Tía Norica de Cádiz|16-10-2021
18|Lope de Vega|El Perro del Hortelano|2 de julio de 2021|Paco Mir|Vània Produccions; Sofía Aguilar Producciones de Arte|Festival internacional de Teatro Clásico de Almagro|Corral de Comedias de Almagro, Ciudad Reall|27-06-2021
19|Lope de Vega|El Perro del Hortelano|3 de abril de 2021|Dominic Dromgoole|Fundación Siglo de Oro||Verde de los Teatros del Canal de Madrid|
20|Lope de Vega|El Caballero de Olmedo|16 de junio de 2021|Pedro Luis López Bellot|Producciones La Barraca & Cía.|Festival de Teatro Clásico de Cáceres|Plaza de las Veletas de Cáceres|
21|Lope de Vega|El animal de Hungría|12 de junio de 2021|Ernesto Arias|Colectivo Allatok; EscénaTe||Corral de Comedias de Alcalá de Henares, Madrid|12-06-2021
22|Anónimo|Don Gil de Olmedo es sueño|||Anónimo|||
23|Lope de Vega|Distrito Fuenteovejuna|Verano 2020|Francisco Valcarce|Movimiento Sempiterno||???|26-07-2020
24|Lope de Vega|Canciones de Olmedo|15 de noviembre de 2020|José Carlos Cuevas|Jóvenes Clásicos|Festival LA ESCENA 2020|Online. Grabado en el Teatro del Soho, Málaga|
25|Lope de Vega|Arte nuevo de hacer teatro para jóvenes de nuestro tiempo; Eco y Narciso; Valor, agravio y mujer; Fuenteovejuna|4 de marzo de 2021|Mariano Estudillo|Joven Compañía Nacional de Teatro Clásico, JCNTC|"Festival de Teatro Clásico de Almagro
"|sala Tirso de Molina del Teatro de la Comedia de Madrid|
26|Lope de Vega|Peribáñez y el comedor de Ocaña|15 de septiembre de 2020|del Colectivo|Dragoi Zuria|||
27|Lope de Vega|Ni come, ni deja comer|18 de julio de 2020|José Luis Pineda Ortega|Asociación Cultural Teatral A Escena|"Festival de Teatro Clásico de Almagro
"|"Dentro de la programación de Barroco Infantil Online del Festival de Teatro Clásico de Almagro
"|
28|Lope de Vega|Mujeres del Siglo de Oro|||????????????|||
29|Lope de Vega|La selva sin amor|18 de julio de 2020|Jesús Caballero|La Máquina Real|"Festival de Teatro Clásico de Almagro
"|Palacio de los Oviedo de Almagro|
30|Lope de Vega|La discreta enamorada|19 de julio de 2020|Javier Mañón|Corrales de Comedias Teatro S.L|"Festival de Teatro Clásico de Almagro
"|Palacio de los Oviedo de Almagro|
31|Lope de Vega|El discreto enamorao|29 de enero de 2020|Inés Muñoz|Las monstruas|Ciclo Clásicos en Enero, Murcia|Teatro Circo Murcia|29-01-2020
32|Lope de Vega|Castelvines y Monteses|16 de octubre de 2020|Sergio Peris-Mencheta|Barco Pirata; Compañía Nacional de Teatro Clásico.CNTC||Logroño|
33|Lope de Vega|Todas las guerras|||Joven Compañía Nacional de Teatro Clásico, JCNTC|||
34|Lope de Vega|María Estuardo. Corona trágica|27 de julio de 2019|Manuel Canseco|Compañía Manuel Canseco|"Festival de Teatro Clásico de Almagro
"|Almagro, Ciudad Real|27-07-2019
35|Lope de Vega|Los locos de Valencia|15 de febrero de 2019|Antonio Algarra|Compañía Profesional de la Escuela Nacional de Arte Teatral, INBAL||La Corrala del Mitote, México|15-02-2019
36|Lope de Vega|La viuda Valenciana|12 de julio de 2019|Borja Rodríguez|Mic Producciones Teatrales|"Festival de Teatro Clásico de Almagro
"|Palacio de los Oviedo de Almagro (Ciudad Real)|12-07-2019
37|Lope de Vega|La dama boba|8 de julio de 2019|Antonio Alcalde|Clásicos on the Road|"Festival de Teatro Clásico de Almagro
"|Ermita de la Magdalena de Almagro (Ciudad Real)|
38|Lope de Vega|La dama boba|26 de mayo de 2019|Victoria Savelieva|Olympia Metropolitana S.A||TAC Catarroja, Valencia|26-05-2019
39|Lope de Vega|Fuenteovejuna o el coraje de las mujeres; Fuenteovejuna, el valor de las mujeres|12 de julio de 2019|Vagba Oboud de Sales y Luis Marqués|Alma Production|"Festival de Teatro Clásico de Almagro
"|Patio de Fúcares de Almagro (Ciudad Real)|12-07-2019
40|Lope de Vega|El perro del Hortelano|5 de julio de 2019|José Vicente Gómez|El Taular Teatro|"Festival de Teatro Clásico de Almagro
"|En un coche Mercedes en Almagro|
41|Lope de Vega|El perro del Hortelano|10 de agosto de 2019|Iker Ortiz de Zárate|Ortzai|||10-08-2019
42|Lope de Vega|Dos tablas y una pasión|8 de junio de 2019|Rafael Álvarez 'El Brujo'|Producciones El Brujo|Festival de Teatro Clásico de Cáceres|Sala Principal del Gran Teatro de Cáceres|
43|Lope de Vega|La Gatomaquia|19 de julio de 2018|Laura Ferrer|La Coquèlicot|"Festival de Teatro Clásico de Almagro
"|Silo de Almagro (Ciudad Real)|19-07-2018
44|Lope de Vega|La discreta enamorada|27 de julio de 2018|Santiago Doria|Compañía La Discreta Enamorada|"Festival de Teatro Clásico de Almagro
"|Corral de Comedias de Almagro (Ciudad Real)|27-07-2018
45|Lope de Vega|El perro del Hortelano||Alberto Gómez Taboada|Hilanderas Producciones|||
46|Lope de Vega|El castigo sin venganza||Laura López Martínez|En la Luna Teatro|||
47|Lope de Vega|El castigo sin venganza|21 de noviembre de 2018|Helena Pimenta|Compañía Nacional de Teatro Clásico,CNTC||Teatro de la Comedia de Madrid|21-11-2018
48|Lope de Vega|Lo fingido verdadero|6 de julio de 2018|David Ojeda|Katum Teatro; Palmyra Teatro|"Festival de Teatro Clásico de Almagro
"|Teatro Municipal de Almagro (Ciudad Real)|
49|Lope de Vega|Préstame tus palabras 3||Alex Ruiz-Pastor|Joven Compañía Nacional de Teatro Clásico, JCNTC|||
50|Lope de Vega|La judía de Toledo|8 de marzo de 2017|Laila Ripoll|Compañía Nacional de Teatro Clásico,CNTC; Producciones Micomicón||Teatro de la Comedia de Madrid.|
51|Lope de Vega|La dama boba|28 de noviembre de 2017|Alfredo Sanzol|Joven Compañía Nacional de Teatro Clásico, JCNTC||Teatro de la Comedia de Madrid.|28-11-2017
52|Lope de Vega|La Araucana. Auto sacramental|26 de julio de 2017|Tania Faúndez Carreño|Teatro del Nuevo Mundo|"Festival de Teatro Clásico de Almagro
"||26-07-2017
53|Lope de Vega|Fuenteovejuna; Fuente Ovejuna|19 de mayo de 2017|Javier Hernández-Simón|Joven Compañía Nacional de Teatro Clásico, JCNTC||Teatro de la Comedia de Madrid|19-05-2017
54|Lope de Vega|El caballero de Olmedo|3 de noviembre de 2017|Eduardo Vasco|Noviembre Compañía de Teatro S.L|||
55|Lope de Vega|#Descuadra_2-Una comedia de enredo muy enredada-|10 de julio de 2017|Miguel Moreiras.|Pradana Teatro|"Festival de Teatro Clásico de Almagro
"|Ermita de San Ildefonso de Almagro|10-07-2017
56|Lope de Vega|La villana de Getafe|20 de mayo de 2016|Roberto Cerdá|Joven Compañía Nacional de Teatro Clásico, JCNTC||Teatro de la Comedia de Madrid|20-05-2016
57|Lope de Vega|La discreta enamorada|17 de enero de 2016|Pedro Miguel Martínez|El Bucle||Casa de Cultura de Burlada, Navarra|17-01-2016
58|Lope de Vega|La boda entre dos maridos||Ana de Santos y Romeo Urbano|Albricias Teatro|||
59|Lope de Vega|Fuente Ovejuna; Fuenteovejuna||Pepa Gamboa|Atalaya - TNT||Espectáculo TNT - El Vacíe|
60|Lope de Vega|El perro del Hortelano|19 de octubre de 2016|Helena Pimenta|Compañía Nacional de Teatro Clásico,CNTC||Teatro de la Comedia de Madrid|19-10-2016
61|Lope de Vega|Mujeres y criados|29 de abril de 2015|Laurence Boswell y Rodrigo Arribas.|Fundación Siglo de Oro||Teatro Español de Madrid|29-04-2015
62|Lope de Vega|La dama boba (versión animal)|11 de julio de 2015|Ramón Gutiérrez Rojas|La Calderona|"Festival de Teatro Clásico de Almagro
"|Teatro Municipal de Almagro (Ciudad Real)|11-07-2015
63|Lope de Vega|La dama boba||Victoria Savelieva|Teatro Clásico Mediterráneo|||
64|Lope de Vega|Fuenteovejuna|2 de julio de 2015|Ángel Luis Martín Fernández|Vecinos de Fuente Obejuna|"Festival de Teatro Clásico de Almagro
"|Plaza Mayor de Almagro (Ciudad Real)|27-06-2015
65|Lope de Vega|Fuenteovejuna; Fuente Ovejuna|8 de abril de 2015|José Luis Arellano|La Joven Compañía||Teatro Conde Duque de Madrid|
66|Lope de Vega|El príncipe ynocente|2015||Efe Tres|||20-05-2015
67|Lope de Vega|El caballero de Olmedo|23 de abril de 2015|Juan Carlos Sanz|Valquiria Teatro||Teatro Viñagrande de Alcorcón, Madrid|23-04-2015
68|Lope de Vega|Las dos bandoleras|8 de mayo de 2014|Carme Portaceli|Compañía Nacional de Teatro Clásico,CNTC||Teatro Pavón de Madrid|
69|Lope de Vega|La dama boba|14 de febrero de 2014|Adolfo Carmona|Acteatro||Teatro Oriente de Morón|14-02-2014
70|Lope de Vega|La cortesía de España|3 de abril de 2014|Josep María Mestres|Joven Compañía Nacional de Teatro Clásico, JCNTC||Naves del Español, Matadero Madrid|
71|Lope de Vega|Fuenteovejuna|19 de junio de 2014|Pedro Casas|Compañía José Estruch. RESAD||Claustro del Colegio del Rey de Alcalá de Henares, Madrid|19-06-2014
72|Lope de Vega|El perro del Hortelano|6 de julio de 2014|Gustavo Funes|Producciones El Perro Andalook||Plaza Vázquez de Molina de Úbeda, Jaén|
73|Lope de Vega|El perro del Hortelano|5 de febrero de 2014|Laurence Boswell y Rafel Díez Labín|Compañía Rakatá - Fundación Siglo de Oro|Festival de Teatro de Málaga|Teatro Echegaray de Málaga|
74|Lope de Vega|El castigo sin venganza||Ernesto Arias|Compañía Rakatá - Fundación Siglo de Oro|||
75|Lope de Vega|El caballero de Olmedo|25 de abril de 2014|Antonio Barrios|Compañía de Teatro Clásico de Córdoba. Teatro Par||"Sala Góngora del Gran Teatro de Córdoba
"|25-04-2014
76|Lope de Vega|El caballero de Olmedo|21 de julio de 2014|Kei Jinguji|Ksec Act|Festival de Teatro Clásico de Olmedo|Corrala Palacio del Caballero de Olmedo (Valladolid)|21-07-2014
77|Lope de Vega|El caballero de Olmedo|8 de febrero de 2014|Lluís Pasqual|Joven Compañía Nacional de Teatro Clásico, JCNTC||Teatro Pavón de Madrid|
78|Lope de Vega|Boba para los otros y discreta para sí|22 de julio de 2014|Rebeca Sanz-Conde|Lafinea Teatro|Festival de Teatro Clásico de Olmedo|Corrala Palacio Caballero de Olmedo (Valladolid)|22-07-2014
79|Lope de Vega|Olmedo caballero El de; Testosterona|5 de julio de 2013|Nancho Novo|Microteatro Por Dinero|"Festival de Teatro Clásico de Almagro
"|Teatro Municipal de Almagro|
80|Lope de Vega|La noche toledana|7 de mayo de 2013|Carlos Marchena|Joven Compañía Nacional de Teatro Clásico, JCNTC||Teatro Pavón de Madrid|
81|Lope de Vega|Los locos de Valencia|19 de junio de 2013|Juan Polanco|La Academia del Verso|Festival Clásicos de Alcalá|Teatro Salón Cervantes|19-06-2013
82|Lope de Vega|Los celos; Olmedo caballero El|5 de julio de 2013|Sonia Sebastián|Microteatro Por Dinero||Teatro Municipal de Almagro|
83|Lope de Vega|La vengadora de mujeres|22 de julio de 2013|Carla Soto|De la Nada Teatro|"Festival de Teatro Clásico de Almagro
"|Almagro (Ciudad Real)|22-07-2013
84|Lope de Vega|La pasión; Olmedo caballero El de|5 de julio de 2013|Ana Risueño|Microteatro Por Dinero|"Festival de Teatro Clásico de Almagro
"|Teatro Municipal de Almagro|
85|Lope de Vega|La estrella de Sevilla|27 de julio de 2013|Alfonso Zurro|Teatro Clásico de Sevilla|Festival de Teatro y Danza de Niebla|Festival de Teatro y Danza de Niebla|27-07-2013
86|Lope de Vega|La discreta enamorada|30 de noviembre de 2013|Gonzala Martín Scherman|Factoría Teatro||Centro Cultural Valdebernardo de Madrid|30-11-2013
87|Lope de Vega|La dama boba||Jorge Fullana|Espacio Imaginado|||
88|Lope de Vega|Fuenteovejuna. Breve tratado sobre las ovejas domésticas|25 de mayo de 2013|Ricard Soler i Mallol|Companyia Obskené||Corral de Comedias de Alcalá de Henares (Madrid)|25-05-2013
89|Lope de Vega|Fuenteovejuna; Fuente Ovejuna||José Luis Arellano García|La Joven Compañía|||
90|Lope de Vega|Fuente Ovejuna. Ensayo desde la violencia; Fuente Ovejuna|19 de junio de 2013|César Barló|Almaviva Teatro||"Corrala de la calle Montesinos n.º 56 de Aranjuez, Madrid
"|19-06-2013
91|Lope de Vega|El subterráneo; Olmedo caballero El de|5 de julio de 2013|Fernanda Muchico y Miguel Alcantud|Microteatro Por Dinero|"Festival de Teatro Clásico de Almagro
"|Teatro Municipal de Almagro|05-07-2013
92|Lope de Vega|El perro del Hortelano|2 de noviembre de 2013|del Colectivo|Zamamur Producciones|||
93|Lope de Vega|El perro del Hortelano||Manuel Carcedo Sama|Karpas Teatro|||
94|Lope de Vega|El objeto de deseo; Olmedo caballero El de|5 de julio de 2013|Carlos Molinero|Microteatro Por Dinero|"Festival de Teatro Clásico de Almagro
"||
95|Lope de Vega|El caballero de Olmedo|2013|Antonio Raposo|Viento Sur Teatro|||20-02-2013
96|Lope de Vega|El caballero de Olmedo|22 de marzo de 2013|Felype de Lima|Secuencia 3 Artes y Comunicación|Festivales de Cantabria|Palacio de Festivales de Cantabria|22-03-2013
97|Lope de Vega|Las flores de don Juan|2012|José Bornás|Apata Teatro|Festival Internacional de Teatro y Danza de San Javier|Festival Internacional de Teatro y Danza de San Javier|20-02-2012
98|Lope de Vega|La discreta enamorada y doña Francisquita||Juan Polanco|La Academia del Verso de Alcalá|||
99|Lope de Vega|La dama boba|23 de junio de 2012|Laila Ripoll|Producciones Micomicón||Plaza de San Jorge de Cáceres|23-06-2012
100|Lope de Vega|La dama boba||Pilar Pérez Salcedo|La Fragua de los Sueños|||
101|Lope de Vega|Fingido y verdadero|13 de julio de 2012|Luis Miguel Cintra|Teatro da Cornucopia|"Festival de Teatro Clásico de Almagro
"|Antigua Universidad Renacentista de Almagro (Ciudad Real)|13-07-2012
102|Lope de Vega|El premio del bien hablar|27 de enero de 2012|Carlos Martínez-Abarca|Valquiria Teatro||Teatro Zorrilla de Valladolid|27-01-2012
103|Lope de Vega|El perro del Hortelano|3 de julio de 2012|Josemi Rodríguez|Pata Teatro||Museo de la Semana Santa de Málaga|
104|Lope de Vega|El perro del Hortelano|15 de julio de 2012|Álvaro Morte|300 Pistolas Produccione|"Festival de Teatro Clásico de Almagro
"|Teatro La Veleta de Almagro (Ciudad Real)|15-07-2012
105|Lope de Vega|El castigo sin venganza|20 de julio de 2012|Antonio Rojas|Seres Comunes|"Festival de Teatro Clásico de Almagro
"|Teatro La Veleta de Almagro (Ciudad Real)|
106|Lope de Vega|El castigo sin venganza|26 de abril de 2012|María Rodríguez y Armando Jerez|Timaginas Teatro||Teatro Guimerá de Santa Cruz de Tenerife|26-04-2012
107|Lope de Vega|El Bobo del colegio|29 de junio de 2012|José Luis Fernández Puentes|In Vitro Teatro|Festival Clásicos de Alcalá|Patio del Instituto Cervantes de Alcalá de Henares|29-06-2012
108|Lope de Vega|Los locos de Valencia|8 de junio de 2011|Antoni Tordera|Centre Teatral de la Generalitat||Teatre Calderón de Alcoi, Alicante|
109|Lope de Vega|El perro del Hortelano|1 de julio 2011|Eduardo Vasco|Compañía Nacional de Teatro Clásico,CNTC|"Festival de Teatro Clásico de Almagro
"|Hospital de San Juan de Almagro (Ciudad Real)|17-07-2011
110|Lope de Vega|El hospital de los podridos y otros entremeses del s. XXI|3 de junio de 2011|Cristina Yáñez|Tranvía Teatro||Teatro de la Estación de Zaragoza|
111|Lope de Vega|El castigo sin venganza|8 de julio de 2011|Francisco Civit|La Sudestada|"Festival de Teatro Clásico de Almagro
"|Corral de Comedias de Almagro (Ciudad Real)|
112|Lope de Vega|El amor enamorado|22 de junio de 2011|Fefa Noia|Lacaimana|Festival Clásicos de Alcalá|Corral de Comedias de Alcalá de Henares (Madrid)|22-06-2011
113|Lope de Vega|De Fuente Ovejuna a Ciudad Juárez||Lucía Rodríguez Miranda|The Cross Border Project|||
114|Lope de Vega|Lo fingido verdadero|14 de julio de 2010|Claudio Hochman|La Máquina Real|"Festival de Teatro Clásico de Almagro
"|Corral de Comedias de Almagro (Ciudad Real)|14-07-2010
115|Lope de Vega|La moza de cántaro|27 de marzo de 2010|Eduardo Vasco|Joven Compañía Nacional de Teatro Clásico, JCNTC||Teatro Juan Bravo de Segovia|27-03-2010
116|Lope de Vega|La hermosa fea|30 de septiembre de 2010|Francisco García Vicente|La Tejedora de Sueños||Teatro Jovellanos de Gijón (Asturias)|30-09-2010
117|Lope de Vega|La dama boba|15 de enero de 2010|Jaroslaw Bielski|Compañía Réplika Teatro||Teatro Juan Bravo de Segovia|15-01-2010
118|Lope de Vega|El galán de la Membrilla|2 de julio de 2010|Antonio Malonda|Teatro Cachivaches||Teatro Auditorio de Chinchilla (Albacete)|
119|Lope de Vega|El castigo sin venganza|6 de noviembre de 2010|Ernesto Arias y Simon Brede|Compañía Rakatá|||
120|Lope de Vega|Peribáñez|26 de marzo de 2009|Amaya Curieses|Los Barracos||Círculo de Bellas Artes de Madrid|26-03-2009
121|Lope de Vega|Lope a lo-petit|30 de enero de 2009|María Martínez de Tejada|De Puntillas Danza-Teatro||Centro Cultural Antonio Gala de La Rinconada (Sevilla)|30-01-2009
122|Lope de Vega|La villana de Getafe|10 de julio de 2009|Domingo Ortega|Sociedad Estatal de Conmemoraciones Culturales, SECC; Grupo de Teatro de la Universidad Carlos III|"Festival de Teatro Clásico de Almagro
"|Patio Wessel de Almagro (Ciudad Real)|10-07-2009
123|Lope de Vega|La niña de plata|2009|Ernesto Filardi|Aula de Teatro de la Universidad de Alcalá de Henares||Aula de Teatro de la Universidad de Alcalá de Henares|20-09-2009
124|Lope de Vega|La hermosa fea|15 de junio de 2009|Juan Manuel Casero|Diágoras Producciones|Festival de Teatro Clásico de Cáceres|Cáceres|15-06-2009
125|Lope de Vega|La Gatomaquia|9 de julio de 2009|Héctor Manuel Vidal|La Cuarta Producciones|"Festival de Teatro Clásico de Almagro
"|Patio de Fúcares de Almagro (Ciudad Real)|
126|Lope de Vega|La estrella de Sevilla|4 de febrero de 2009|Eduardo Vasco|Compañía Nacional de Teatro Clásico,CNTC||Teatro Calderón de Valladolid|
127|Lope de Vega|Fuenteovejuna|24 de julio de 2009|Liuba Cid|Mefisto Teatro|"Festival de Teatro Clásico de Almagro
"|Antigua Universidad Renacentista de Almagro (Ciudad Real)|24-07-2009
128|Lope de Vega|Fuenteovejuna||Laurence Boswell|Rakatá|||
129|Lope de Vega|Fuenteovejuna|17 de julio de 2009|Kei Jinguji|Ksec Act|"Festival de Teatro Clásico de Almagro
"|Teatro Municipal de Almagro (Ciudad Real)|17-07-2009
130|Lope de Vega|El perro del Hortelano|14 de abril de 2009|Gustavo Funes|El Ojo del Bululú|||14-04-2009
131|Lope de Vega|El perro del Hortelano|10 de julio de 2009|Juan Carlos Maestre|Radio Nacional de España|"Festival de Teatro Clásico de Almagro
"|Corral de Comedias de Almagro (Ciudad Real)|10-07-2009
132|Lope de Vega|El desdichado por la honra. Cuento trágico|3 de julio de 2009|Rafael Ruiz Álvarez|Aula de Teatro de la Universidad de Granada|||
133|Pedro Calderón de la Barca| A secreto agravio, secreta venganza| 15 de junio de 2013| Lino Ferreira| El Óbolo Producciones| Festival Clásicos en Alcalá| Corral de Comedias de Alcalá de Henares (Madrid)|15-06-2013
134|Pedro Calderón de la Barca| Otro gran teatro del mundo| 21 de diciembre de 2012| Olga Margallo| Uroc Teatro|| Teatro Pavón, Madrid|21-12-2012
135|Pedro Calderón de la Barca| Lorca, Calderón y los estudiantes de Babel| 5 de julio de 2012| Toni Tordera| Escena Erasmus| Festival de Teatro Clásico de Almagro||05-07-2012
136|Pedro Calderón de la Barca| La vida es sueño: el bululú|| El Colectivo| El Aedo Teatro|||
137|Pedro Calderón de la Barca| La vida es sueño| 5 de julio de 2012| Helena Pimenta|CNTC| Festival de Teatro Clásico de Almagro| Hospital de San Juan de Almagro (Ciudad Real)|
138|Pedro Calderón de la Barca| La gran Zenobia| 18 de febrero de 2012| Gustavo Galindo| Teatro Galo Real| Festival La Alternativa||18-02-2012
139|Pedro Calderón de la Barca| En la vida todo es verdad y todo mentira| 12 de enero de 2012| Ernesto Caballero|CNTC|| Teatro Pavón, Madrid|12-01-2012
140|Pedro Calderón de la Barca|Mañanas de abril y mayo|13 de abril|Laila Ripoll||Festival de teatro clásico Castilla de Peñíscola|Teatro Fernán-Gómez de Madrid|13-04-2023
141|Pedro Calderón de la Barca|La vida es sueño en sus versos esenciales|27 de julio||Olmedo Clásico. Festival de Teatro Clásico de Olmedo|Festival de Teatro Clásico de Olmedo|Centro de Artes Escénicas San Pedro de Olmedo, Valladolid|27-07-2023
142|Pedro Calderón de la Barca|La vida es sueño. Versión musical|1 de julio|Dirección: Macarena Baeza de la Fuente. Ayudante de dirección: Camila Gatica|Teatro la Calderona||Casa Palacio de los Villarreal de Almagro, Ciudad Real|
143|Pedro Calderón de la Barca|La vida es sueño|2 de julio|Dirección: Mariano de Paco. Ayudante de dirección: Daniel Alonso y Francisco Rivera.|Teatro Círculo|"
Festival Iberoamericano del Siglo de Oro: Clásicos en Alcalá"|Monasterio Cisterciense de San Bernardo de Alcalá de Henares, Madrid|
144|Pedro Calderón de la Barca|La vida es sueño|14 de octubre|Dirección: Declan Donnellan. Ayudante de dirección: Josete Corral.|Cheek by Jowl; Compañía Nacional de Teatro Clásico,CNTC; Lazona||Teatro Lope de Vega de Sevilla|14-10-2022
145|Pedro Calderón de la Barca|La gran Cenobia|13 de enero|DIreccón: David Boceta|Compañía Nacional de Teatro Clásico,CNTC||Sala Tirso de Molina del Teatro de la Comedia de Madrid|13-01-2023
146|Pedro Calderón de la Barca|No hay burlas con el amor|11 de junio|Dirección escénica: Josete Corral. Ayudantía de dirección: Víctor Sainz.|Vida Cantina|Festival Clásicos en Alcalá|Centro Cultural Gilitos de Alcalá de Henares, dentro de la programación del Festival Iberoamericano del Siglo de Oro, Clásicos en Alcalá|
147|Pedro Calderón de la Barca|Calderón, ¿enamorado?|17 de marzo|Amaya Curieses y José Maya|Zampanó Teatro|Jornadas de siglo de oro de Almería||17-03-2023
148|Tirso de Molina |El burlador de Sevilla y el convidado de piedra |19 de febrero de 2000|Isaac Benabeu |Associació d´Investigació i Experimentació Teatral ||Sala La Cuina de Barcelona |19-02-2000
149|Tirso de Molina |El condenado por desconfiado |1 de noviembre de 2001|José Maya|Zampanó Teatro|Festival de Otoño|Teatro Pavón de Madrid|
150|Tirso de Molina |El condenado por desconfiado |31 de enero de 2001|Eva del Palacio|Teatro Morboria||Teartro Pradillo de Madrid|31-01-2001
151|Tirso de Molina |Marta la piadosa||José Antonio Aliaga|Aula de Teatro Andrés de Claramonte|||
152|Tirso de Molina |Don Gil de las calzas verdes|11 de julio de 2002|Fernando Urdiales|Galileo Teatro||Teatro Liceo de Salamanca|11-07-2002
153|Tirso de Molina |El burlador de Sevilla |28 de febrero de 2003|Miguel Narros|CNTC||Teatro Pavón de Madrid|28-02-2003
154|Tirso de Molina |El burlador de Sevilla|12 de julio de 2003|Ricardo Camacho|Teatro Libre|Festival de Teatro Medieval y Clásico Ciudad de Chinchilla|Auditorio Municipal de Chinchilla (Albacete)|12-07-2003
155|Tirso de Molina |El vergonzo en palacio||Asunción Mieres|Aula de Teatro de la UEX|||
156|Tirso de Molina |La celosa de sí misma|21 de noviembre de 2003|Luis Olmos|CNTC||Teatro Pavón de Madrid|21-11-2003
157|Tirso de Molina |La dama del olivar||Juan Antonio Barceló|Caleido|||
158|Tirso de Molina |Sueño del duque de Belaqua|21 de octubre de 2003|Virginia Nölting y Javier Parra|Anthares Teatro||Teatro Cánovas de Málaga|21-10-2003
159|Tirso de Molina |El condenado por desconfiado |2 de diciembre de 2004|Alejandro González Puche|Corporación Teatro del Valle||Teatro de la Universidad de Murcia|
160|Tirso de Molina |Gil el verde|18 de noviembre de 2004|Pepe Ola|Ciénaga Teatro||Sala Central Lechera de Cádiz|18-11-2004
161|Tirso de Molina |La venganza de Tamar|28  de abril de 2004 en Swan. 28 de octubre de 2004|Simon Usher|Royal Shakespeare Company|Festival de Otoño|En Swan: Theatre de Stratford-upon-Avon. En España en Teatro Español de Madrid|
162|Tirso de Molina |Desde Toledo a Madrid||Carlos Aladro|Rakatá|||
163|Tirso de Molina |Don Gil de las calzas verdes|29 de junio de 2006|Eduardo Vasco|CNTC|Festival Internaiconal de Teatro Clásico|Hospital de San Juan, Almagro (Ciudad Real)|29-06-2006
164|Tirso de Molina |El burlador de Sevilla||Pep Sanchís Vento|Assaig. Grup de Teatre de la Universitar València|||
165|Tirso de Molina |Don Gil de las calzas verdes||Francisco García Vicente |Esceula Superior de Arte Dramático de Murcia, ESAD|||
166|Tirso de Molina |El burlador de Sevilla||Hadi Kurich|Teatro de la Tormenta, Xananda|||
167|Tirso de Molina |El burlador de Sevilla|28 de junio de 2008|Emilio Hernández|Pentación|Featival de Teatro Clásico de Almagro|Almagro, Ciudad Real|28-06-2008
168|Tirso de Molina |El burlador de Sevilla|22 de febrero de 2008|Dan Jemmett|Teatro de la Abadía||Teatro de la Abadía de Madrid|22-02-2008
169|Tirso de Molina |La mujer por fuerza|7 de marzo de 2008|José Maya|Brazodoble Producciones||Corral de Comedias de Alcalá de Henares, Madrid|
170|Tirso de Molina |La prudencia en la mujer |20 de junio de 2008|Alberto González Vergel |Eskene||Plaza de San Jorge de Cáceres|20-06-2008
171|Tirso de Molina |Los balcones de Madrid||Ángel Gutiérrez|Teatro de Cámara, Chéjov|||
172|Tirso de Molina |La celosa de sí misma|24 de julio de 2009|Marta Torres|A Priori Producciones, Teatro de Malta||Corral de Comedias de Almagro, Ciudad Real|24-07-2009
173|Tirso de Molina |El condenado por desconfiado |5 de febrero de 2010|Carlos Aladro|CNTC||Teatro Pavón de Madrid|
174|Tirso de Molina |El joven burlador ||Daniel Gallo Orrego|Compañía de Teatro La Calderona, Escuela de Teatro de la Universidad Católica de Chile|||
175|Tirso de Molina |El burlador de Sevilla|27 de noviembre de 2012|Gonzala Martín Sherman|Factoría Teatro||Sala Capitol de Cáceres|27-11-2012
176|Tirso de Molina |El burlador de Sevilla |1 de novimebre de 2014|Antonio León|Corrales de Comedias Teatro||Casa de la Cultura de Almuñécar, Granada|11-09-2014
177|Tirso de Molina |El pretendiente al revés||José Maya|Brazodoble Producciones|||
178|Tirso de Molina |Crónica de una casa real: La venganza de Tamar y Los cabellos de Absalón ||Gustavo Galindo y Mamen Camacho|Teatro Galo Real|||
179|Tirso de Molina |El burlador de Sevilla |1 de octubre de 2015|Darío Facal|Teatro Español||Teatro Español de Madrid|10-01-2015
180|Tirso de Molina |Marta la piadosa||Amaya Curieses|Los Barracos|||
181|Tirso de Molina |El burlador de Sevilla|13 de abril de 2018|Josep María Mestres|CNTC||Teatro de la Comedia de Madrid|13-04-2018
182|Tirso de Molina |El amor médico|3 de septiembre de 2019|Hugo Nieto|Ensamble Bufo||Corral de Cervantes, Madrid|
183|Tirso de Molina |Don Gil de las calzas verdes||Asun García|La Teatrera|||
184|Tirso de Molina |Mujeres del Siglo de Oro-  fragmento de Don Gil de las calzas verdes|18 de septiembre de 2020|Jesús Peña|Teatro Corsario||Biblioteca Pública de Ávila|
185|Tirso de Molina |El burlador de Sevilla |3 de julio de 2022|Xavier Albertí|CNTC|Festival Grec|Teatro Grec de Barcelona|
186|Tirso de Molina |El vergonzoso en palacio|16 de julio de 2022|Carlota Gaviño e Íñigo Rodríguez-Claro|Grumelot||Sala Nave 73 de Madrid|16-07-2022
187|Tirso de Molina |La celosa de sí misma|22 de julio de 2022|Santiago Doria|Compañía Argentina de Teatro Clásico|Festival Internacional de Teatro Clásico de Almagro|Corral de Comedias de Almagro, Ciudad Real|22-07-2022
188|Tirso de Molina |Las burladas de don Juan|2 de julio de 2022|Sonia Rubio Malagón|Duelos y Quebrantos||Centro Cultural Gilitos de Alcalá de Henares, Madrid|27-06-2022
189|Francisco de Rojas Zorrilla|Abre el ojo ||Francisco Plaza|Amar teatro; Producciones Inconstantes|||
190|Francisco de Rojas Zorrilla|Abre el ojo|21 de marzo de 2003|Javier Mateo|Aula de teatro de la Universidad de Almería|Jornadas de Teatro del Siglo de Oro|Teatro Apolo de Almería (Andalucía)|21-03-2003
191|Francisco de Rojas Zorrilla|Abre el ojo|28 de febrero de 2004|Antonio Barrios |Teatro Par||Teatro Garnelo de Montilla, Córdoba (Andalucía)|28-02-2004
192|Francisco de Rojas Zorrilla|Donde hay agravios no hay celos, y amo criado||Nacho Sánchez Pascual|ComicAstros|||
193|Francisco de Rojas Zorrilla|Del rey abajo, ninguno|28 de junio de 2007|Laila Ripoll|CNTC|Festival Internacional de Teatro Clásico|Almagro, Ciudad Real (Castilla La Mancha)|28-06-2007
194|Francisco de Rojas Zorrilla|Entre bobos anda el juego||José Luis Fernández|In Vitro Teatro|||
195|Francisco de Rojas Zorrilla|La ventana Rojas||Eva del Palacio|Morboria Teatro|||
196|Francisco de Rojas Zorrilla|Morir pensando matar |19 de junio de 2007|Ernesto Caballero|Compañía Siglo de Oro, RESAD|Festival Clásicos en Alcalá|Corral de COmedias de Zapateros de Alcalá de Henares (Madrid)|19-06-2007
197|Francisco de Rojas Zorrilla|Entre bobos anda el juego||Amelia Die|Zurdos Contrariados|||
198|Francisco de Rojas Zorrilla|Sin honra no hay amistad||Juanma Navas|Rezuma Teatro|||
199|Francisco de Rojas Zorrilla|Abre el ojo |25 de noviembre de 2011|Rafael Rodríguez|2rc Teatro Compañía de Repertorio||Teatro Cuyás de Las Palmas de Gran Canaria, Las Palmas (Islas Canarias)|25-11-2011
200|Francisco de Rojas Zorrilla|Donde hay agravios no hay celos||Liuba Cid|Mephisto Teatro|||
201|Francisco de Rojas Zorrilla|Abre el ojo|8 de agosto de 2012|Javier Mateo|Doble K Teatro|Festival Internacional de Teatro, Músia y Danza de San Javier|Auditorio Parque Almansa de San Javier (Murcia)|
202|Francisco de Rojas Zorrilla|Obligados y ofendidos|19 de julio de 2012|Francisco Lidón Plaza|Aula de Teatro de Arquitectura de la Universidad Politécnica de Madrid|Campaña Las Huellas de La Barraca|Ermita de La Magdalena de Almagro|19-07-2012
203|Francisco de Rojas Zorrilla|Celos y agravios ||Liuba Cid|Mephisto teatro|Festival Internacional de Teatro Clásico de Cáceres|Cáceres (Extremadura)|
204|Francisco de Rojas Zorrilla|Donde hay agravios no hay celos|3 de julio de 2014|Helena Pimenta|CNTC|Festival Internacional de Teatro Clásico |Hospital de San Juan de Almagro, Ciudad Real (Castilla La Mancha)|
205|Francisco de Rojas Zorrilla|Los áspides de Cleopatra|7 de septimbre de 2013 (Buenos Aires) 12 de enero de 2014 (España)|Guillermo Heras|CNTC||Teatro Pavón (Madrid)|
206|Francisco de Rojas Zorrilla|Donde hay agravios no hay celos|1 de julio de 2017|Macarena Pérez Bravo y Josemi Rodríguez|Pata Teatro||Patio de Arcos del Colegio Prácticas nº1 de Málaga (Andalucía)|
207|Francisco de Rojas Zorrilla|Entre bobos anda el juego|28 de septiembre de 2018|Eduardo Vasco|CNTC||Teatro Salón Cervantes de Alcalá de Henares (Madrid)|28-09-2018
208|Francisco de Rojas Zorrilla|Guateque 69|17 de julio de 2018|Gorka Martín |Sinsorgadas y Producciones|AlmagrOff|Silo de Almagro, Ciudad Real (Castilla La Mancha)|17-07-2018
209|Francisco de Rojas Zorrilla|Numancia ocupada||Pedro Hofhuis|Jóvenes Clásicos|||
210|Francisco de Rojas Zorrilla|Entre bobos anda el juego |10 de junio de 2021|Paco Carrillo|Verbo Producciones|Festival de Teatro Clásico de Cáceres|Cáceres (Extremadura)|10-06-2021
211|Francisco de Rojas Zorrilla|Abre el ojo |25 de noviembre de 2022|Eduardo Vasco|Noviembre Teatro||Teatro Calderón de Valladolid, Valladolid (Castilla y León)|25-11-2022
212|Francisco de Rojas Zorrilla|Amo y criado ¡Dónde hay agravios no hay celos!|24 de junio de 2022|Eduardo Vasco|Teatro Libre de Bogotá||Teatro Salón Cervantes de Alcalá de Henares (Madrid)|
213|Francisco de Rojas Zorrilla|Los bandos de Verona|27 de junio de 2024|Daniel Alonso de Santos|Secuencia 3|Festival Iberoamericano del Siglo de Oro. Clásicos en Alcalá||27-06-2024
214||||||||
215||||||||
216|Miguel de Cervantes|D. Q. Don Quijote en Barcelona|30 de septiembre de 2000|Àlex Ollé y Carlos Padrissa|La Fura dels Baus||Gran Teatre del Liceu de Barcelona|30-09-2000
217|Miguel de Cervantes|Don Quijote|23 de febrero de 2000|Pedro Halffter Caro|Teatro Real||Teatro Real de Madrid|23-02-2000
218|Miguel de Cervantes|Don Quijote, una historia infinita |20 de octubre de 2000|Gianni Fransceschinni|Teatro Achiperre||Teatro Principal de Zamora|20-10-2000
219|Miguel de Cervantes|El retablo de Maese Pedro|15 de diciembre de 2000|Ferrer Ferran |Bambalina Titelles||Centro Social de Castelló de Rugat (Valencia)|15-12-2000
220|Miguel de Cervantes|Imagina libros|||????????|||
221|Miguel de Cervantes|Don Quijote, El Quijote (fragmentos)|21 de mayo de 2000||CNTC||Teatro de la Comedia|21-05-2000
222|Miguel de Cervantes|Maravillas de Cervantes. Entremeses, magias, habladurías, elecciones, celos, hipocresía y otras fiestas|30 de marzo de 2000|Joan Font|CNTC||Teatro de la Comedia (Madrid)|30-03-2000
223|Miguel de Cervantes|Odón, Quijote|11 de septiembre de 2000|Joan Sors|Clownx|Fira de Teatre al Carrer|Espai Infantil de Tàrrega (Lleida)|11-09-2000
224|Miguel de Cervantes|Quijote|17 de marzo de 2000|Severiano García|Delirium Teatro||La Granja de Santa Cruz de Tenerife|17-03-2000
225|Miguel de Cervantes|Rinkonete y Kortadillo|8 de enero de 2000|Antonio Saura|Alquibla Teatro||Teatro Municipal de San Pedro de Pinatar (Murcia)|
226|Miguel de Cervantes|Caprichos de Cervantes|6 de marzo de 2001||Teatro Galileo |Feira do Teatro de Galicia|Teatro Galileo (Santiago de Compostela)|
227|Miguel de Cervantes|Cervantes en vivo|16 de junio de 2001||Chácena Teatro|Ciclo Clásicos en Alcalá|Hospital de Antezana, Alcalá de Henares (Madrid)|16-06-2001
228|Miguel de Cervantes|Don Quijote 2000|6 de junio de 2001|Juan J. Martín Uceda|Escuela Municipal de Teatro de Roquetas de Mar||Teatro Apolo de Almería|
229|Miguel de Cervantes|Don Quijote, Don Quijote de la Mancha |10 de noviembre de 2001||Anade|Feria de Teatro de Castilla-La Mancha|Pabellón Calle Numancia de Toledo|10-11-2001
230|Miguel de Cervantes|Don Quijote el caballero|12 de octubre de 2001|Antonio Laguna y César Gómez|Caja Negra|Muestra Provincial de Teatro|Auditorio Torres López de Tomelloso (Ciudad Real)|12-10-2001
231|Miguel de Cervantes|El hombre que tenía vacíos los aposentos de la cabeza|10 de noviembre de 2001|Jesús Arbués|Producciones Viridiana, Teatro Inestable||Teatro Marín de Teruel |10-11-2001
232|Miguel de Cervantes|El canto del cisne|5 de mayo de 2001|Fernando Vegal|Teatro de los Buenos Aires||Teatro Alhambra de Granada|
233|Miguel de Cervantes|La guarda cuidadosa|16 de junio de 2001|Carlos Mochales|Chácena Teatro||Hospital de Antezana, Alcalá de Henares (Madrid)|16-06-2001
234|Miguel de Cervantes|Retablo de las maravillas|20 de junio de 2001|Miguel Serrano|Instante-Zambra||Corral de Carbón de Granada|20-06-2001
235|Miguel de Cervantes|Aventuras de don Quijote y Sancho, Don Quijote|8 de octubre de 2002|Ana María Boudeguer|Asociación cultural La Bicicleta||Sala Sanpol de Madrid|
236|Miguel de Cervantes|Delirio de don Quijote y Sancho Panza, Don Quijote||María Elena Diardes|La Recua Teatro|||
237|Miguel de Cervantes|Don Quijote|26 de enero de 2002|Carlo Boso|Teatro del Finikito||Teatro La Galera de Alcalá de Henares (Madrid)|26-01-2002
238|Miguel de Cervantes|Don Quijote, Don Quijote de la Mancha ||Quim Peñart |Teatro de los Caminos|||
239|Miguel de Cervantes|Don Quijote, Don Quijote en las bodas de Camacho||Pep Oriol |L´Òpera de Tres Rals|||
240|Miguel de Cervantes|El juez de los divorcios; El retablo de las maravillas; El viejo celoso; La cueva de Salamanca; Los malcasados; Retablo cervantino||Juan Pedro de Aguilar|CNTC|||
241|Miguel de Cervantes|La Gitanilla||Rafael Ruiz|Zascandil|||
242|Miguel de Cervantes|Rinconete y Cortadillo|6 de noviembre de 2002|Juan Manuel Álvarez|Titirimundi Teatro||Teatro Gutierre de Alba, Alcalá de Guadaira (Sevilla)|
243|Miguel de Cervantes|Cómicos y maleantes||Jesús Arbúes|Producciones Viridiana|||
244|Miguel de Cervantes|Con una sola mano|2 de mayo de 2003|Hernán Gené de Lucca|Extra-Vagante Teatro|||
245|Miguel de Cervantes|Cueva de Salamanca |13 de octubre de 2003|Val Núñez y José Manuel Burgos|Maru-Jasp||Teatro La Galera de Alcalá de Henares (Madrid)|13-10-2003
246|Miguel de Cervantes|Don Quijote|12 de diciembre de 2003|Ángel Gutierrez|Teatro de Cámara Chéjov||Teatro de Cámara Chéjov (Madrid)|
247|Miguel de Cervantes|Don Quijote y la búsqueda de Marcela, Don Quijote|27 de septiembre de 2003|Rubén Castro Ilizaliturri|Firewalk Theatre||Mostra Rialles de Cerdanyola del Vallès|27-09-2003
248|Miguel de Cervantes|El molino|20 de septiembre de 2003|Fátima Colomo|Camaleón Teatro|||
249|Miguel de Cervantes|El retablo de las maravillas|||Perséfone Teatro|||
250|Miguel de Cervantes|El sereno|13 de octubre de 2003|Val Núñez y José Manuel Burgos|Maru-Jasp||Teatro La Galera de Alcalá de Henares (Madrid)|13-10-2003
251|Miguel de Cervantes|Quijote, Don Quijote|4 de octubre de 2003|Santiago Sánchez|L`Om -Imprebís||Teatro Lope de Vega de Alcalá de Henares (Madrid)|
252|Miguel de Cervantes|Rinconete y Cortadillo||Toni Sánchez|Zascandil|||
253|Miguel de Cervantes|Señor Quijote mío, Don Quijote||Girardo Guerrero|Perro Teatro, A. C|||
254|Miguel de Cervantes|Don Quijote (Leyenda para cinco voces), Don Quijote|6 de julio de 2004|Felipe B. Pedraza Jiménez|Rapsodas|Festival de Teatro Clásico|Corral de Comedias de Almagro|
255|Miguel de Cervantes|El juez de los divorcios ||Domingo Ortega |Grupo de Teatro de la Universidad Carlos III|||
256|Miguel de Cervantes|El retablo de las maravillas ||Domingo Ortega |Grupo de Teatro de la Universidad Carlos III|||
257|Miguel de Cervantes|El viejo celoso|23 de diciembre de 2004|Etelvino Vázquez|Teatro del Norte||Centro Cultural Cjastur de la Colegiata del San Juan Bautista de Gijón (Asturias)|
258|Miguel de Cervantes|El viejo celoso|5 de noviembre de 2004|Manuel Canseco|Asociación de Autores de Teatro|V Salón Internacional del Libro Teatral|Círculo de Bellas Artes|
259|Miguel de Cervantes|Exemplaridades cervantinas|23 de enero de 2004|Andrés Cienfuegos|La Quimera||Teatro Bergidu, de Ponferrada (León)|23-01-2004
260|Miguel de Cervantes|La cueva de Salamanca||J. A. Raynaud|Perséfone|||
261|Miguel de Cervantes|La edad de oro, Don Quijote|19 de junio de 2004|Eusebio Lázaro|Compañía Eusebio Lázaro|Festival Clásicos en Alcalá|Corral de Zapateros de Alcalá de Henares (Madrid)|19-06-2004
262|Miguel de Cervantes|Don Quijote, La pasión según don Quijote||Emilio Hernández|Sociedad Estatal de Connmemoraciones Culturales, Armonía||Teatro de La Abadía|
263|Miguel de Cervantes|Laberinto de amor||Juan Pastor|Guindalera Escena Abierta|||
264|Miguel de Cervantes|Morir cuerdo y vivir loco|13 de enero de 2004|Fernando Fernán Gómez|Centro Dramático de Aragón y Centro Dramático Nacional ||Teatro Principal de Zaragoza|13-01-2004
265|Miguel de Cervantes|Pedro de Urdemalas; Pedro, the Great Pretender  |1 de septiembre de 2004 en Inglaterra. 30 de octubre de 2004 en España|Mike Alfreds |Royal Shakespeare Company|Festival de Otoño|En Stratfor-upon-Avon (Inglaterra). Teatro Español de Madrid (España)|
266|Miguel de Cervantes|El retablo de las maravillas. Cinco variaciones sobre un tema de Cervantes|9 de enero de 2004|Alberto Boadella|Els Joglars||Teatro Lope de Vega (Sevilla)|
267|Miguel de Cervantes|Cervantes entre palos||Jesús Salgado|Teatro del Duende|||
268|Miguel de Cervantes|Cervantes insólito|13 de mayo de 2005|María Laura González y Tomás Sendarrubias|Argos Teatro||Teatro Salón Cervantes de Alcalá de Henares (Madrid)|13-05-2005
269|Miguel de Cervantes|Curioso retablo|21 de mayo de 2005|Luis Alonso|Teatro Independiente Alcalaíno TIA, Asociación Cultural||Teatro Salón Cervantes de Alcalá de Henares (Madrid)|21-05-2005
270|Miguel de Cervantes|Don Quijote||Juan Manuel Álvarez|Titirimundi Teatro|||
271|Miguel de Cervantes|Don Quijote ||Jon Sarasti|Galápagos Cálido|||
272|Miguel de Cervantes|Don Quixote, Don Quijote|17 de junio de 2005|John Mowat|Companhia do Chapitô||Corral de Zapateros de Alcalá de Henares (Madrid)|17-06-2005
273|Miguel de Cervantes|El caballero de la triste figura ????|20 de marzo de 2005|Marcelo Rocca|El Retablo de la Ventana ||Teatro Juan Bravo (Segovia)|20-03-2005
274|Miguel de Cervantes|El caballeru de la Murnia Figura ????||Inma Rodríguez y Toño Caamaño|Producciones Nun Tris|||
275|Miguel de Cervantes|El casamiento engañoso. El coloquio de los perros||Pepe Ortega|Solo y Cía|||
276|Miguel de Cervantes|El de la triste figura ????||Juan Margallo|Uroc Teatro|||
277|Miguel de Cervantes|El desposeído; The Unpossessed||Stacy Klein|Double Edge Theatre|||
278|Miguel de Cervantes|Don Quijote, El Quijote|||La Candelaria |||
279|Miguel de Cervantes|El viaje del Parnaso|7 de julio de 2005|Eduardo Vasco|CNTC|Festival Teatro Clásico|Corral de Comedias de Almagro (Ciudad Real)|
280|Miguel de Cervantes|El retablo de las maravillas|||La Compañía de la ETR|||
281|Miguel de Cervantes|El viejo celoso; Entremeses; La cueva de Salamanca; La guarda cuidadosa||Andrés Beladíez|La Barraca|||
282|Miguel de Cervantes|El viejo celoso|||Duelos y Quebrantos|||
283|Miguel de Cervantes|El viejo celoso; La compañía de Saavedra||Asunción Mieres|Aula de Teatro de la UEX|XVI Festival de Teatro Clásico de Cáceres||
284|Miguel de Cervantes|El viejo celoso; La cueva de Salamanca||Miguel Serrano|Teatro para un Instante||Corral del Carbón (Granada)|
285|Miguel de Cervantes|En un lugar de Sevilla|23 de abril de 2005|José Luis Losa|Edeteatro||Teatro Centro Virgen de los Reyes (Sevilla)|23-04-2005
286|Miguel de Cervantes|Entre pícaros y cómicos|12 de agosto de 2005|Antonoi Barrios|Teatro Par||Casa de las Campanas (Córdoba)|12-08-2005
287|Miguel de Cervantes|Entremeses|||Alharaca, Grupo de Teatro|||
288|Miguel de Cervantes|Entremeses: El viejo celoso, La cueva de Salamanca, Los habladores|||La Locandiera|||
289|Miguel de Cervantes|Impresión de don Quijote|25 de febrero de 2005|Francisco Plaza|Grupo Sona; Teatro Negro de Praga||Teatro Palacio Valdés de Avilés (Asturias)|25-02-2005
290|Miguel de Cervantes|La columna de El Manco ||Antonia Gómez|Varuma |||
291|Miguel de Cervantes|La cueva de Salamanca; La guarda cuidadosa||Arturo Castro|Teatro Margen|||
292|Miguel de Cervantes|La entretenida |2 de febrero|Helena Pimenta|CNTC||Teatro Pavón (Madrid)|
293|Miguel de Cervantes|La Gitanilla |23 de abril de 2005|Paco Macià|Compañía Ferroviaria de Artes Escénicas|Festival Cervantino de Ceutí|Murcia|23-04-2005
294|Miguel de Cervantes|La gracia que no quiso darme el cielo; Miguel de Cervantes, poesía escogida||Joaquín Vida|Joaquín Vida|||
295|Miguel de Cervantes|La Numancia||Javier Juárez|Kull d´Sac|||
296|Miguel de Cervantes|Las hazañas del caballero de La Mancha||Pascual Varo|El Carromato|||
297|Miguel de Cervantes|Los habladores|||Jara del Centro Extremeño de Alcalá de Henares. Grupo Teatro La|||
298|Miguel de Cervantes|Mi amigo Don Quijote||Claudia Massotto Franco|Arte Fusión Títeres|||
299|Miguel de Cervantes|Don Quijote, Pasajes del Quijote||José Antonio Adamuz|Almocafre|||
300|Miguel de Cervantes|¡Quijote!||Cora Herrendorf|Teatro Núcleo|||
301|Miguel de Cervantes|Quijote||Marcelo Díaz|Teloncillo, Achiperre|||
302|Miguel de Cervantes|Quijote, las mil aventuras|17 de mayo de 2005|Fulgencio Valares |Atakama Teatro||Teatro López de Ayala, Badajoz (Extremadura) |17-05-2005
303|Miguel de Cervantes|Quijote, un hidalgo de La Mancha; Quijote. El hidalgo de la Mancha||Wolf Helem y José Vijuesca|Teatro Clásico Madrid Hidra Lerna|||
304|Miguel de Cervantes|Retablo de maese Pedro o de cómo Ginesillo de Pasamonte conoció a don Quijote y lo que le aconteció|3 de diciembre de 2005|Paco Úbeda|La Tirita de Teatro|||
305|Miguel de Cervantes|Sancho Panza, el musical|9 de abril de 2005|José Luis Moral|Arte&Ocio||Teatro Nuevo Apolo (Madrid)|09-04-2005
306|Miguel de Cervantes|Sancho Panza, gobernador de la ínsula Barataria|||Grupo de Teatro Punto y Aparte|||
307|Miguel de Cervantes|Teatro con clase||Ignacio Almenar|Delirium Teatro|||
308|Miguel de Cervantes|Entremeses||Andreu A. Segura|Rafel Oliver Producciones|||
309|Miguel de Cervantes|Entremeses ||Domingo Ortega|Grupo de Teatro de las Universidad Carlos III|||
310|Miguel de Cervantes|Entremeses: La cueva de Salamanca, Los habladores y La guarda cuidadosa||Domingo Ortega|Grupo de Teatro de la Universidad Carlos III|||
311|Miguel de Cervantes|Don Quixote, Don Quijote|26 de octubre de 2007|Josep Galindo|West Yorkshire Playhouse; Mom|Festival de Otoño|Teatro Madrid|26-10-2007
312|Miguel de Cervantes|El viejo celoso||Margarita Rodríguez |Grupo Cultural Xana|||
313|Miguel de Cervantes|Numancia||Ken Kinguuji|Ksec Act|||
314|Miguel de Cervantes|Rinconete y Cortadillo en Tormes||María Barragñan|Esphera Teatro|||
315|Miguel de Cervantes|El licenciado Vidriera |8 de noviembre de 2009|Carlos Martín|Teatro del Temple||Centro Cívico Teodoro Sánchez Punter (Zaragoza)|
316|Miguel de Cervantes|Entremeses variados: La cueva de Salamanca; La guarda cuidadosa; Los habladores||dOMINGO Ortega|Sociedad Estatal de Servicios Culturales. SECC; Grupo de Teatro de la Universidad Carlos III|||
317|Miguel de Cervantes|Quijote||Simeón Spivak|Teatro de la Juventud de Fontanka|||
318|Miguel de Cervantes|Rinconete y Cortadillo; El licenciado Vidriera||Pepe Ortega|Ítaca Teatro|||
319|Miguel de Cervantes|Abrevia T|16 de marzo de 2010|Victor Manuel Dogar|Producciones Dogar||Teatro Bellas Artes (Madrid)|16-03-2010
320|Miguel de Cervantes|El coloquio de los perros|9 de octubre de 2010|Fefa Noia|Teatro de la Abadía|Semana Cervantina|Corral de Comedias, Alcalá de Henares (Madrid)|09-10-2010
321|Miguel de Cervantes|El imaginario de Cervantes|11 de septiembre de 2010|Sonia Sebastián|Teatro de Cámara Cervantes|Noche en Blanco|Sociedad Cervantina (Madrid)|11-09-2010
322|Miguel de Cervantes|El viejo celoso; El vizcaíno fingido; Entremeses de Cervantes; La cueva de Salamanca||Ernesto de Diego|Corrales de Comedias Teatro|||
323|Miguel de Cervantes|Don Quijote||Meng Jinghui|Compañía Nacional de Teatro de China |||
324|Miguel de Cervantes|El coloquio de los perros|21 de enero de 2011|Francisco Negro|Morfeo Teatro Clásico||Teatro Principal de Burgos (Burgos)|21-01-2011
325|Miguel de Cervantes|Entremeses: El vizcaíno fingido, El viejo celoso y La cueva de Salamanca||Alejandro Arestegui|Secuencia 3 Artes y Comunicació|||
326|Miguel de Cervantes|Numancia |9 de abril de 2011|José Luis Arellano García|Joven Compañía de Teatro de Parla||Teatro de la Casa de la Juventud de Parla (Madrid)|
327|Miguel de Cervantes|Cipión de Berganza (incluye los entremeses: El viejo celoso, El vizcaíno fingido y Los habladores)||Carlos Fernández de Castro|Tiempolírico|||
328|Miguel de Cervantes|Don Quijote|13 de diciembre de 2012|Ángel Gutierrez|Teatro de Cámara Chéjov|Festival UNIR Alumni|Sala Gonzalo de Berceo de Logroño (La Rioja)|13-12-2012
329|Miguel de Cervantes|El coloquio de los perros||Emilio del Valle|Producciones Inconstantes|||
330|Miguel de Cervantes|El viejo celoso||Miguel Fresneda|Cambaluz Teatro|||
331|Miguel de Cervantes|Entremeses|9 de noviembre de 2012|Del Colectivo|Zamamur Producciones ||Gran Teatro de Cáceres (Extremadura)|
332|Miguel de Cervantes|Gaudeamus||Jaime Santos|La Chana Teatro|||
333|Miguel de Cervantes|Don Quijote, Yo soy don Quijote, Yo soy Don Quijote de La Mancha|5 de julio de 2012|Luis Bermejo|Metrópolis Teatro|Festival de Teatro Clásico de Almagro|Antigua Universidad Renacentista de Almagro (Ciudad Real)|
334|Miguel de Cervantes|El coloquio de los perros |26 de marzo de 2013|Ramón Fontserè|CNTC, Els Joglars||Teatro Pavón de Madrid|26-03-2013
335|Miguel de Cervantes|El coloquio de los perros||Tagore González y David Orrico|Amanece Teatro|||
336|Miguel de Cervantes|Don Quijote de la Mancha, Don Quijote|7 de abril de 2014|José Luis Gómez|Centro Dramático Nacional, CDN||Teatro Pavón de Madrid|
337|Miguel de Cervantes|El coloquio de los perros|17 de junio de 2014|Ma Zhenghong y Alejandro González Puche|Laboratorio Escénico Univalle|Festival Internacional de Teatro Clásico|Teatro Municipal de Almagro (Ciudad Real)|17-06-2014
338|Miguel de Cervantes|Entremeses: La cueva de Salamanca, El viejo celoso y El retablo de las maravillas||José Luis Gómez|Teatro de la Abadía|Festival Clásicos en Alcalá||
339|Miguel de Cervantes|Don Quijote, Las locas historias de Don Quijote de La Mancha|22 de diciembre de 2014|Eva Rodríguez|Universalmix teatro||Centro Cultural La Vaguada de Madrid|22-12-2014
340|Miguel de Cervantes|El cerco de Numancia|19 de agosto de 2015|Paco Carrillo|Verbo Producciones|Festival Internacional de Teatro Clásico|Teatro Romano de Mérida (Badajoz)|19-08-2015
341|Miguel de Cervantes|Don Quijote, El sueño del Quijote|18 de octubre de 2015|César Deneken|El Jinete Verde||Teatro Villamarta de Jerez de la Frontera (Cádiz)|18-10-2015
342|Miguel de Cervantes|Ingenius gentleman don Quixote of La Mancha||Ian Nicholson|Little Soldier Productions|||
343|Miguel de Cervantes|La española inglesa. Las dos doncellas; Novelas ejemplares||Gonzala Martín Scherman|Factoría Teatro S. L|||
344|Miguel de Cervantes|Quijote, el vértigo de Sancho; Kixote;|9 de enero de 2015|José Ramón Martínez|Markeliñe||Zornotza Aretoa de Amorebieta-Etxano, Vizcaya (País Vasco)|09-01-2015
345|Miguel de Cervantes|Quijote aventuras|14 de noviembre de 2015|Severiano García Noda|Delirium Teatro||Auditorio Capitol de Tacoronte, Sanra Cruz de Tenerife (Islas Canarias)|14-11-2015
346|Miguel de Cervantes|El coloquio de los perros|26 de julio de 2016|Gastón Borges|Lacoz|Festival Almagro Off|Teatro La Veleta de Almagro (Ciudad Real)|26-07-2016
347|Miguel de Cervantes|El retablo de las maravillas|30 de enero de 2016|Francisco Negro|Morfeo Teatro Clásico||Teatro Principal de Burgos (Castilla y León)|30-01-2016
348|Miguel de Cervantes|El viejo celoso||Adriano Iurissevich|Compañía Reymala|||
349|Miguel de Cervantes|La conquista de Jerusalén||Juan Sanz|Antiqua Escena|||
350|Miguel de Cervantes|La gitanilla|26 de octubre de 2016|Paco Maciá|Arena Teatro; Compañía Ferroviaria|Festiva Medieval|Elche (Alicante)|26-10-2016
351|Miguel de Cervantes|Numancia|16 de abril de 2016|Juan Carlos Pérez de la Fuente|Teatro Español||Teatro Español (Madrid)|16-04-2016
352|Miguel de Cervantes|Pedro de Urdemalas  |28 de julio de 2016|Denis Rafter|Joven Compañía Nacional de Teatro Clásico,CNTC|Festival Internacional de Teatro Clásico|Corral de Comedias de Almagro (Ciudad Real)|28-07-2016
353|Miguel de Cervantes|Tratos|14 de septiembre de 2016|Ernesto Caballero|Centro Dramático Nacional, CDN||Centro Cultural Conde Duque (mADRID)|
354|Miguel de Cervantes|Amors & Humors||Abel Folk y Pep Planas|Ilerda Antiqua|||
355|Miguel de Cervantes|Dos nuevois entremeses, nunca representados; La guada cuidadosa, El rufián viudo llamado Trampagos. |23 de noviembre de 2017|Ernesto Arias|Teatro de la Abadía||Sala Juan de la Cruz, Teatro de La Abadía (Madrid)|23-11-2017
356|Miguel de Cervantes|El rufián dichoso|13 de mayp de 2017|Rodrigo Arribas y Verónica Clausich|Fundación Siglo de Oro; Pentación, S.A; Pánico Escénico|Jornadas de Teatro del Siglo de Oro|Auditorio Municipal Maestro Padilla (Almería)|13-05-2017
357|Miguel de Cervantes|Don Quijote somos todos|1 de noviembre de 2019|Carlos Martín|Teatro del Temple||Palacio de Congresos de Jaca, Huesca (Aragón)|11-05-2019
358|Miguel de Cervantes|El coloquio de los perros. El casamiento engañoso. Novelas ejemplares. El coloquio de los perros. ||Emilio del Valle|Factoría Teatro S.L |||
359|Miguel de Cervantes|Licenciado Vidriera|18 de abril de 2019|Cristina D. Silveira|Karlik Danza Teatro; La Nave del Duende||La Nave del Deunde de Casar de Cáceres (Extremadura)|18-04-2019
360|Miguel de Cervantes|Microclásicos; El juez de los divorcios||Antonio León y Norton P|Corrales de Comedias S.L |||
361|Miguel de Cervantes|De cómo los entremeses de Cervantes no impidieron el casamiento de doña Catalina de Oviedo con el Gran Turco||Juan Mortera|Teatro Margen|||
362|Miguel de Cervantes|Diablos, brujas y granujas||Agustín Sasián|La Luciérnaga Producciones|||
363|Miguel de Cervantes|Don Quijote y Perrisancho|10 de marzo de 2020|Belén Sánchez Vigo|Perripato & Compañía||Sala La Cochera Cabaret (Málaga)|
364|Miguel de Cervantes|Ahora que nos dejan hablar|23 de enero de 2021|Álvaro Nogales|Mudanzas López, M. L. ||Corral de Comedias de Alcalá de Henares (Madrid)|23-01-2021
365|Miguel de Cervantes|Numancia|12 de noviembre de 2021|Ana Zamora|Nao d´Amores, Compañía Nacional de Teatro Clásico,CNTC||Teatro Juan Bravo de Segovia (Castilla y León)|12-11-2021
366|Miguel de Cervantes|El coloquio de las perras|8 de mayo de 2021|Hernán Gené|Estudio Hernán Gené||Corral de Cervantes (Plaza de toros) de Aranjuez (Madrid)|
367|Miguel de Cervantes|Muejres imaginadas en tiempos de Cervantes||Luis Alonso Prieto|Teatro Independiente Alcalaíno TIA|||
368|Miguel de Cervantes|Pr3cioxxa||Mario Marcol|Tío Venancio|||
369|Miguel de Cervantes|Quixote; Quijote||Laura Sarasola|Pedras de Cartón|||
370|Miguel de Cervantes|La guarda cuidadosa; La cueva de Salamanca|19 de junio de 2022|Javier Mañón|Corrales de Comedias Teatro||Corral de Comedias de Alcalá de Henares (Madrid) |19-06-2022
371|Juan de la Cueva|El príncipe tirano|13 de julio de 2006|Pepa Gamboa|Centro Andaluz de Teatro, CAT y Teatro Lope de Vega |Festival Internacional de Teatro Clásico de Almagro |Teatro Municipal de Almagro, Ciudad Real (Castilla La Mancha)|13-07-2006
372|María de Zayas y Sotomayor|La traición en la amistad|10 de julio de 2003|Mariano de Paco Serrano |Mariano de Paco Serrano||Claustro Mudéjar de Chinchilla, Albacete (Castilla La Mancha)|10-07-2003
373|María de Zayas y Sotomayor|La traición en la amistad|16 de julio de 2019|Daniel Acebes|Diágoras Producciones|Festival de Teatro Clásico|Corrala Palacio del Caballero de Olmedo, Valladolid (Castilla y León)|16-07-2019
374|María de Zayas y Sotomayor|Traspiés. Palabra para (des)aparecer ||Del Colectivo|Colectivo La Matrioska |||
375|María de Zayas y Sotomayor|Tan sabia como valerosa|26 de julio de 2020|Ignacio García|Instituto Cervantes|Festival Internacional de Teatro Clásico de Almagro |Corral de Comedias de Almagro, Ciudad Real (Castilla La Mancha)|
376|María de Zayas y Sotomayor|Adiós, dueño mío o la tradición en la amistad|1 de mayo de 2021|Magüi Mira|Olympia Metropolitana S.A||Auditorio de Torrent, Valencia (Comunidad Valenciana)|01-05-2021
377|María de Zayas y Sotomayor|Autorretratos de pluma y espada; Dramaturgias del barroco en primera persona ||Cristina S.Silveira|Karlik Danza Teatro|Festival de Teatro Clásico de Cáceres||
378|María de Zayas y Sotomayor|Bambi vs Godzsilla|30 de junio de 2022|Luis Tausía|Compañía del Tío Venancio |Festival Iberoamericano del Siglo de Oro Clásicos en Alcalá|Centro Cultural Gilitos de Alcalá, Madrid (Comunidad de Madrid)|30-06-2022
379|María de Zayas y Sotomayor|La traición 60.3|19 de mayo de 2022|Cruz Hernández|Unatarde Teatro||Teatro Círculo de Valencia, Valencia (Comunidad Valenciana)|19-05-2022
380||||||||
381||||||||
382|Lope de Rueda |Garnacho Bululo y Ñaque en la chanza del santero desollado, La carátula |1 de diciembre de 2001|Colectivo|El Capo Cómico||Calle Mayor de Alcalá de Henares, Madrid (Comunidad de Madrid)|
383|Lope de Rueda |La fiesta perpetua|19 de noviembre de 2003|Pilar Laveaga|Teatro de la Ribera||Teatro Principal de Zaragoza|19-11-2003
384|Lope de Rueda |Historias de Martín de Villalba.||Etelvino Vázquez|Teatro del Norte|||
385|Lope de Rueda |El deleitoso y otras delicias||Agusíin Iglesias|Teatro Guirigai|||
386|Lope de Rueda |Los cómicos de la legua||Domingo Torres|Uno teatro|||
387|Lope de Rueda |Julia, Un viaje teatrástico|22 de marzo de 2012|Julio Fraga |Teatro Clásico de Sevilla ||Teatro Villa del Conocimiento y las Artes de Mairena del Alcor, Sevilla (Andalucía)|22-03-2012
388|Lope de Rueda |La corte de los bufones: paso a paso la comedia||José Uriel García Solís|La Gorgona Teatro|||
389|Lope de Rueda |Fiesta de farsantes. Tablado del mundo|2 de septiembre de 2021|Daniel Alonso de Santos|Pérez y Goldstein S.L; Okboomer.|Festival Clásicos en Alcalá|Teatros del Canal, Madrid (Comunidad de Madrid)|23-09-2021
390|Lope de Rueda |La garnacha de los bufones||Javier Mañón|Corrales de Comedias |||
391|Juan Ruiz de Alarcón|La verdad sospechosa|2004|Rafael Rodríguez Cabrera|2Rc Teatro|||
392|Juan Ruiz de Alarcón|La verdad sospechosa|2007|Claudio Hochman|Eureka Teatro|||20-07-2007
393|Juan Ruiz de Alarcón|La prueba de las promesas|2012|Carlos Corona|CNT México|Festival de Teatro Clásico de Almagro||20-02-2012
394|Juan Ruiz de Alarcón|La verdad sospechosa|2013|Helena Pimenta|CNTC|Festival de Teatro Clásico de Almagro|Teatro de la Comedia, Madrid|20-03-2013
395|Juan Ruiz de Alarcón|La cueva de Salamanca|2018|Emilio Gutiérrez Caba|CNTC|Festival de Teatro Clásico de Almagro|Teatro de la Comedia, Madrid|20-05-2018
396|Juan Ruiz de Alarcón|El desdichado en fingir|2019|José Uriel Garcia Solís|Colectivo Teatral de Guerrero|Festival de Teatro Clásico de Almagro||20-03-2019
397|Juan Ruiz de Alarcón|La monja Alférez|2022|Zaide Silvia Gutiérrez|CNT México|Festival Iberoamericano del Siglo de Oro de la Comunidad de Madrid y Festival de Teatro Clásico de Olmedo|Festival Iberoamericano del Siglo de Oro de la Comunidad de Madrid|20-02-2022
398|Mira de Amescua|El esclavo del demonio|2002|Ángel Ojea|La Máquina Real|Festival de Teatro Clásico de Almagro||20-02-2002
399|Juan de la Cueva|El príncipe tirano|2006|Pepa Gamboa|CAT (Centro Andaluz de Teatro)|Festival de Teatro Clásico de Almagro||
400|María de Zayas y Sotomayor|La traición en la amistád|2003|Mariano de Paco|VolArte Producciones|||20-03-2003
401|María de Zayas y Sotomayor|La traición en la amistad|2019|Daniel Acebes|Diágoras Producciones|Festival de Teatro Clásico de Olmedo||20-03-2019
402|María de Zayas y Sotomayor|Adiós, dueño mío o La traición en la amistad|2021|Magüi Mira|Olympia Metropolitana|Festival de Teatro Clásico de Almagro||20-02-2021
403|María de Zayas y Sotomayor|Bambi vs Godzilla|2022|Luis Tausía|Compañía del Tío Venancio|Festival Iberoamericano del Siglo de Oro de la Comunidad de Madrid|Festival Iberoamericano del Siglo de Oro de la Comunidad de Madrid|20-02-2022
404|Vélez de Guevara|La serra de La Vera|14 de junio sde 2001|Antonio Corencia|Compañía Dramatíca de Extremadura|Festival de Teatro Clásico de Cáceres|Festival de Teatro Clásico de Cáceres|14-06-2001
405|Vélez de Guevara|La serrana de La Vera|marzo de 2004|María Ruiz|CNTC||Teatro Pavón de Madrid|
406|Vélez de Guevara|El diablo cojuelo|12 de junio de 2019|Aitana Galán|La Radical|Festival Internacional de Teatro Clásico de Almagro||12-06-2019
407|Vélez de Guevara|Reinar después de morir|10 de enero de 2020|Pepa Pedroche|CNTC y Compañia de Teatro de Almada||Teatro de la Comedia, Madrid|10-01-2020
408|Vélez de Guevara|El diablo cojuelo|21 de enero de 2022|Ester Nadal|CNTC y Rhum & Cia|Festival Internacional de Teatro Clásico de Almagro y Festival de Teatro Clásico de Olmedo|Valencia|21-01-2022
409|Agustín Moreto|De fuera vendrá quien de casa os echará|28 de julio de 2000|Francisco Abad|Marabad Producciones Teatrales|Festival Internacional de Teatro Clásico de Almagro|Festival Internacional de Teatro Clásico de Almagro|28-07-2000
410|Agustín Moreto|El lindo don Diego|12 de junio de 2001|Juan Pedro de Aguilar|Los Veranos de la Villa|Los Veranos de la Villa|Muralla Árabe de Madrid, Los Veranos de la Villa|12-06-2001
411|Agustín Moreto|El lindo don Diego|26 de marzo de 2004|Eva del Palacio|Morboria Teatro|Festival Internacional de Teatro Clásico de Almagro y Festival de Teatro Clásico de Olmedo|Teatro Juan Bravo, Segovia|26-03-2004
412|Agustín Moreto|El lindo don Diego|2005|Denis Rafter|Darek Teatro|||20-05-2005
413|Agustín Moreto|No puede ser el guardar a una mujer|2008|José Bornás|Apata Teatro|||20-08-2008
414|Agustín Moreto|No puede ser el guardar a una mujer|2009|José Bornás|Nacho Vilar Producciones|||20-09-2009
415|Agustín Moreto|El lindo don Diego|19 de enero de 2013|Carles Alfaro|CNTC|Festival Internacional de Teatrio Clásico de Almagro|Teatro Pavón, Madrid|
416|Agustín Moreto|De fuera vendrá|25 de julio de 2014|Ángel Garcia Suárez|Escarramá Teatro|Festival Internacional de Teatro Clásico de Almagro|Festival Internacional de Teatro Clásico de Almagro|25-07-2014
417|Agustín Moreto|El lindo don Diego|4 de febrero de 2017|Eva del Palacio|Morboria Teatro yCNTC|Festival de Teatro Clásico de Olmedo|Teatro José María Rodero de Torrejón de Ardoz, Madrid|
418|Agustín Moreto|De fuera vendrá quien de casa nos echará|3 de febrero de 2018|Eva del Palacio|Morboria Teatro|Festival de Teatro Clásico de Olmedo|Teatro José María Rodero de Torrejón de Ardoz, Madrid|
419|Agustín Moreto|El desdén con el desden|12 de marzo de 2019|Iñaki Rikarte|JCNTC||Teatro de la Comedia, Madrid|12-03-2019
420|Agustín Moreto|El lindo don Diego|19 de julio de 2019|Santiago Doria|Compañia Argentina de Teatro Clásico|Festival Internacional de Teatro Clásico de Almagro|Festival Internacional de Teatro Clásico de Almagro|19-07-2019
421|Agustín Moreto|No puede ser el guardar a una mujer|2019|Antonio León|Corrales de Comedias Teatro|||20-03-2019
422|Pedro Calderón de la Barca| La vida es sueño| 30 de marzo de 2000| Emilio del Valle| Producciones Inconstantes|| Teatro Principal de Burgos|30-03-2000
423|Pedro Calderón de la Barca|La vida es sueño|4 de mayo del 2000|José María Ortega de la Cruz|Teatro Español Salesiano de Ronda|Festival de Música y Teatro Sacro y Ritual de Riogordo|La nave del teatro de Riogordo|
424|Pedro Calderón de la Barca|Los entremeses|13 de enero del 2000|José Antonio Raynaud|La Garnacha||Teatro de Sevilla|13-01-2000
425|Pedro Calderón de la Barca|Las mañanas de abril|4 de octubre del 2000||Andrea D'Odorico Producciones||Teatro Villamarta de Jerez de la Frontera, Cádiz|
426|Pedro Calderón de la Barca| La vida es sueño| 27 de marzo de 2000| Calixto Bieito|CNTC|| Teatre Romea de Barcelona|27-03-2000
427|Pedro Calderón de la Barca| La dama duende| 14 de abril de 2000| José Luis Alonso de Santos|CNTC||Teatro Salón Cervantes de Alcalá de Henares|
428|Pedro Calderón de la Barca| La cena del rey Baltasar| 23 de junio de 2000| Luis Dorrego| Alcantarilla Teatro|| Patio de Santo Tomás de Villanueva de la Universidad Cisneriana de Alcalá|23-06-2000
429|Pedro Calderón de la Barca| IV Centenario del nacimiento de Calderón de la Barca| 17 de enero de 2000||CNTC|| Teatro de la Comedia de Madrid|17-01-2000
430|Pedro Calderón de la Barca| En la voz también hay dicha: contando a Calderón| 19 de marzo de 2000| Ernesto Rodríguez Abad| Ernesto Rodríguez Abad|| Teatro Apolo de Almería|19-03-2000
431|Pedro Calderón de la Barca| El mayor tesoro escondido| 16 de marzo de 2000| Ricardo Pereira| La Luna Teatro|| Teatro Principal de Zaragoza|16-03-2000
432|Pedro Calderón de la Barca| El príncipe constante|| Jorge Listopad| Companhia de Teatro de Almada|||
433|Pedro Calderón de la Barca| El monstruo de los jardines| 10 de julio de 2000| Ernesto Caballero| RESAD|| Teatro Municipal de Almagro|10-07-2000
434|Pedro Calderón de la Barca| El mayor hechizo, amor| 28 de abril de 2000| Fernando Urdiales| Teatro Corsario|| Teatro Calderón de la Barca de Valladolid|28-04-2000
435|Pedro Calderón de la Barca| El mágico prodigioso| 1 de octubre de 2000| Daniel Bohr| Fila Siete||Teatro Guimerá de Santa Cruz de Tenerife|10-09-2000
436|Pedro Calderón de la Barca| El gran teatro del mundo| 15 de diciembre de 2000| Valentín Redín| Lebrel Blanco|| Iglesia de Santa María de Tafalla (Navarra)|15-12-2000
437|Pedro Calderón de la Barca| El galán fantasma| 24 de julio de 2000| Ana María Boudeguer| Teatro Sanpol|| Patio de Fúcares de Almagro|24-07-2000
438|Pedro Calderón de la Barca| El galán fantasma| 11 de julio de 2000| David Bello| Veranos de la Villa|| Parque Emir Mohamed I de Madrid|11-07-2000
439|Pedro Calderón de la Barca|El alcalde de Zalamea|21 de septiembre de 2000|Sergi Belbel|CNTC||Teatre Nacional de Catalunya de Barcelona|
440|Pedro Calderón de la Barca| El alcalde de Zalamea| 30 de septiembre de 2000| Francisco Portes| Compañía Francisco Portes||"Teatro José María Rodero de Torrejón de Ardoz (Madrid)
"|30-09-2000
441|Pedro Calderón de la Barca| Celos aun del aire matan| 4 de octubre de 2000| Pier Luigi Pizzi| Teatro Real|| Teatro Real de Madrid|
442|Pedro Calderón de la Barca| Céfalo y Pocris| 10 de marzo de 2000| Agustín Iglesias| Teatro Guirigai|| Centro Cultural Galileo (Madrid)|10-03-2000
443|Pedro Calderón de la Barca|Súbete a la barca de Calderón||Stella Manaut|Estudio de Teatro|||
444|Pedro Calderón de la Barca| Calderón, ¿enamorado?| 17 de marzo de 2000| Amaya Curieses, José Maya| Zampanó Teatro|Jornadas de Siglo de Oro| Auditorio Maestro Padilla de Almería|17-03-2000
445|Pedro Calderón de la Barca, Ánxeles Cuña, Fina Calleja|Sexismunda|26 de octubre de 2001|Áxeles Cuña Bóveda|Sabarela||Teatro Rosalía de Castro de A Coruña|26-10-2001
446|Pedro Calderón de la Barca, Bertolt Brecht; Peter Handke; Miguel Hernández; Gabriel Ferreter; Jaime Gil de Biedma; Harold Pinter; José Agustín Goytisolo; William Shakespeare|Paraules… senzillament paraules|17 de marzo de 2001|Xavier Ricart|Orfeó Badaloní. Centre Parroquial de Sant Josep||entre Parroquial Sant Josep de Badalona (Barcelona)|17-03-2001
447|Pedro Calderón de la Barca| La vida es sueño|| Orlando Atocha|Teatro del Contrajuego|| Teatro del Contrajuego|
448|Pedro Calderón de la Barca| La vida es sueño| 2 de junio de 2001| Paz Carrero Eras| Teatro Escuela Libre de Alcalá (T.E.L.A.)||Patio Santo Tomás de Villanueva de Alcalá de Henares (Madrid)|
449|Pedro Calderón de la Barca| La nave de los locos|| Luis Dorrego| Teatro de Encargo|||
450|Pedro Calderón de la Barca| Fieras afemina amor|| Juan Pedro de Aguilar| Juan Pedro Aguilar|||
451|Pedro Calderón de la Barca| El gran teatro del mundo| 8 de marzo de 2001|| Grup Tragapinyols|| Auditori Municipal de Vinarós (Castellón)|08-03-2001
452|Pedro Calderón de la Barca| El dragoncillo| 22 de agosto de 2001|| Alcantarilla Teatro|| Hospital de Antezana de Alcalá de Henares (Madrid)|22-08-2001
453|Pedro Calderón de la Barca|Desventuras y andanzas de Villegas y Quiñones, cuando en el siglo XVII se hacían calderones; Desventuras y andanzas de Villagas y Quiñones cuando en el XVII se hacían Calderones| 16 de febrero de 2001| Eduardo Usillos| Producciones Nun Tris|| Teatro Palacio ValdÃ©s de AvilÃ©s (Asturias)|16-02-2001
454|Pedro Calderón de la Barca| Casa con dos puertas mala es de guardar| 3 de marzo 2001| Antonio León| Corral de Comedias Teatro (C + C)|| Corral de Comedias de Almagro, Ciudad Real|
455|Pedro Calderón de la Barca| La vida es sueño|| Kei Jinguji| Ksec Act|| Ksec Act|
456|Pedro Calderón de la Barca| Entremeses variados| 4 de enero de 2002| Jesús Amate| Compañía Benamate|| CompaÃ±Ã­a Benamate|
457|Pedro Calderón de la Barca| El escondido y la tapada| 6 de abril de 2002| Manuel Canseco| Compañía de Manuel Canseco| XIX Jornadas de Teatro del Siglo de Oro| Auditorio Maestro Pradilla|06-04-2002
458|Pedro Calderón de la Barca| Casa con dos puertas mala es de guardar| 19 de octubre de 2002| Alfonso Zurro| Rosas de Otoño|| Centro Cultural de la Villa de Madrid|19-10-2002
459|Pedro Calderón de la Barca| La vida es sueño| 16 de septiembre de 2003| César Diéguez| Asociación Cultural Conde de Aranda, Con Esa imaginación|| Teatro Infanta Isabel de Madrid|
460|Pedro Calderón de la Barca| La dama duende| 7 de octubre de 2003| Ana María Boudeguer| La Bicicleta|| Teatro Sanpol de Madrid|
461|Pedro Calderón de la Barca| El alcalde de Zalamea| 30 de enero de 2003| Gustavo Pérez Puig, Mara Recatero| Teatro Español|| Teatro Español|30-01-2003
462|Pedro Calderón de la Barca| Cornudo, apaleado y satisfecho| 15 de julio de 2003| Fernando Rojas| Enrique y Alain Cornejo, Teatro del Arte| Veranos de la Villa| Corral de Comedias del Rollo, Madrid|15-07-2003
463|Pedro Calderón de la Barca| Los encantos de la culpa| 28 de octubre de 2003| José Antonio Hernández Sayagués| Garufa Teatro|| Teatro Caja Duero de Salamanca|28-10-2003
464|Pedro Calderón de la Barca| Sueño del duque de Belaqua| 21 de octubre de 2003| Virginia Nölting, Javier Parra| Anthares Teatro|| Anthares Teatro|21-10-2003
465|Pedro Calderón de la Barca| La vida es sueño| 13 de julio de 2004| Francesco Pititto, María Federica Maestri| Lenz Rifrazioni| Festival Internacional de Teatro Clásico de Almagro| Lenz Rifrazioni|13-07-2004
466|Pedro Calderón de la Barca| La hija del aire| 21 de diciembre de 2004| Jorge Lavelli| Teatro San Martín|| Teatro San Martín|21-12-2004
467|Pedro Calderón de la Barca| La edad de oro| 19 de junio de 2004| Eusebio Lázaro| Compañía Eusebio Lázaro| Festival Clásicos en Alcalá| Compañía Eusebio Lázaro|19-06-2004
468|Pedro Calderón de la Barca| La cena del rey Baltasar| 15 de junio de 2004| Antonio Barrios| Teatro Par|| Patio de los Naranjos de la Mezquita de Córdoba|
469|Pedro Calderón de la Barca| El astrólogo fingido| 18 de junio de 2004| Gabriel Garbisu| Producciones Amara| Festival Clásicos en Alcalá| Teatro Universitario Lope de Vega de Alcalá de Henares (Madrid)|18-06-2004
470|Pedro Calderón de la Barca| Con quien vengo, vengo| 18 de junio de 2004| José A. Raynaud| Tetrápolis| Festival de Teatro Clásico de Cáceres| Cáceres|18-06-2004
471|Pedro Calderón de la Barca| La vida es sueño| 26 de noviembre de 2005| Agustín Iglesias| Guirigai Teatro|| Teatro Principal de Santos de Maimona (Badajoz)|26-11-2005
472|Pedro Calderón de la Barca| La vida es sueño| 17 de junio de 2005| Gabriel Garbisu| Producciones Amara| Festival de Teatro Clásicode Cáceres| Plaza de las Veletas de Cáceres|17-06-2005
473|Pedro Calderón de la Barca| La vida es sueño| 8 de julio de 2005|| Centro Dramático de Aragón| Festival Internacional de Teatro Clásico de Almagro|Teatro Municipal de Almagro|
474|Pedro Calderón de la Barca| La dama duende| 27 de agosto de 2005| Marta Torres| A Priori Producciones| Feria de Teatro de Castilla y León|Teatro Nuevo de Ciudad Rodrigo|27-08-2005
475|Pedro Calderón de la Barca| El gran teatro del mundo|| Kike Lera| Desguace Teatro|||
476|Pedro Calderón de la Barca| El galán fantasma| 4 de febrero de 2005| Pepa Calvo Pizarro| Teatre del Repartidor|| Teatre Tantarantana de Barcelona|04-02-2005
477|Pedro Calderón de la Barca| Andrómeda y Perseo|| Juan Carlos Villanueva| Trápala Teatro|||
478|Pedro Calderón de la Barca| Amar después de la muerte| 21 de octubre de 2005| Eduardo Vasco|CNTC||Teatro Pavón de Madrid|21-10-2005
479|Pedro Calderón de la Barca| Acordei que sonhava, Desperté del sueño| 1 de marzo de 2005| Claudia Schapira| Núcleo Bartolomeu de Depoimentos| Teatralia, Festival de Artes Escénicas para Niños y Jóvenes| Teatro Triángulo de Madrid|
480|Pedro Calderón de la Barca| La rabia| 30 de junio de 2006| José Antonio Raynaud| Perséfone| Festival de Teatro Clásico de Cáceres|Plaza de Santa María de Cáceres|30-06-2006
481|Pedro Calderón de la Barca| La gran Cenobia|| Carlos Alonso Callero| José Estruch, RESAD|||
482|Pedro Calderón de la Barca| Il mágico Prodigioso| 13 de enero de 2006| Francesco Pititto, María Federica Maestri| Lenz Rifrazioni| Festival Escena Abierta de Burgos||13-01-2006
483|Pedro Calderón de la Barca| El mágico prodigioso| 9 de junio de 2006| Juan Carlos Pérez de la Fuente| El Mágico Prodigioso||Teatro mPrincipal de Zamora|
484|Pedro Calderón de la Barca| El gran teatro del mundo| 3 de julio de 2006| José Luis Alonso de Santos| Biblioteca Valenciana||Biblioteca Valenciana|
485|Pedro Calderón de la Barca| El alcalde de Zalamea| 6 de octubre de 2006| Rafael Rodríguez| 2Rc||Teatro Cuyás de Las Palmas de Gran Canaria|
486|Pedro Calderón de la Barca| No hay burlas en el amor| 25 de marzo de 2007| Francisco García Vicente| ESAD de Murcia||Teatro de la ESAD de Murcia|25-03-2007
487|Pedro Calderón de la Barca| La dama duende| 10 de julio de 2007| Juan Carlos Sánchez| Teatro Clásico de Sevilla|| Reales Atarazanas de Sevilla|10-07-2007
488|Pedro Calderón de la Barca| El médico de su honra| 24 de noviembre de 2007|Isidro Rodríguez Gallardo| Algarabía Teatro| Festival Internacional de Teatro de Cazorla|Cazorla (Jaén)|24-11-2007
489|Pedro Calderón de la Barca|No hay burlas con el amor|10 de julio de 2008|Manuel Canseco|Compañía de Manuel Canseco||Jardines del Galiileo, Madrid|10-07-2008
490|Pedro Calderón de la Barca|Life is a dream; La Vida es Sueño|19 de julio de 2008|Cecil Mackinnon|Amnistía Internacional; Puy Navarro|Festival Internacional de Teatro Clásico de Almagro|Iglesia de las bernardas|19-07-2008
491|Pedro Calderón de la Barca| Las manos blancas no ofenden| 27 de junio de 2008| Eduardo Vasco|CNTC| Festival Internacional de Teatro Clásico de Almagro|Hospital de San Juan|27-06-2008
492|Pedro Calderón de la Barca| La vida es sueño| diciembre de 2008| Luis d'Ors| Compañía de Actores Michael Chéjov|| Centro Cultural Moncloa, Madrid|27-12-2008
493|Pedro Calderón de la Barca| La vida es sueño| 24 de junio de 2008| Juan Carlos Pérez de la Fuente| Compañía Siglo de Oro de la Comunidad de Madrid. RESAD| Festival Clásicos en Alcalá| Teatro Salón Cervantes de Alcalá de Henares, Madrid|
494|Pedro Calderón de la Barca| La paz universal o el lirio y la azucena| 14 de mayo de 2008| Juan Sanz Ballesteros| Antiqua Escena|| Teatro Auditorio de Cuenca|14-05-2008
495|Pedro Calderón de la Barca| La devoción de la Cruz| 25 de junio de 2007| Carlos Álvarez-Ossorio| Cámara Negra Teatro|| Instituto Cervantes de Alcalá de Henares|25-06-2007
496|Pedro Calderón de la Barca| El pintor de su deshonra| 20 de febrero de 2008| Eduardo Vasco|CNTC|| Teatro Lope de Vega, Sevilla|20-02-2008
497|Pedro Calderón de la Barca| Casa con dos puertas, mala es de guardar| 26 de junio de 2008|Manuel Canseco| Compañía de Manuel Canseco Escenarios Virtuales|| Foro de los Balbos de Cáceres|26-06-2008
498|Pedro Calderón de la Barca| La vida es sueño|| José Luis Fernández| La Refinería Teatro|||
499|Pedro Calderón de la Barca| La hija del aire| 14 de enero de 2009| César Barló| Almaviva Teatro|| Sala Valle-Inclán de la RESAD (Madrid)|14-01-2009
500|Pedro Calderón de la Barca| La dama duende| 12 de junio de 2009| Gabriel Garbisu| Amara Producciones| Festival de Teatro Clásico de Cáceres| Plaza de las Veletas de Cáceres|12-06-2009
501|Pedro Calderón de la Barca| El año santo en Madrid| 6 de octubre de 2009| Nuria Alkorta| Compañía Delabarca|| Iglesia de San Jerónimo el Real, Madrid|
502|Pedro Calderón de la Barca|Las fortunas de Andrómeda y Perseo||Andrés Vinaches|Teatro Universitario Clásico de la Universidad de Alicante|||
503|Pedro Calderón de la Barca| La vida es sueño| 2 de julio de 2010| Héctor Noguera| Teatro Camino| Festival Internacional de Teatro Clásico de Almagro| Corral de Comedias de Almagro|
504|Pedro Calderón de la Barca| La selva confusa|| Erik Coenen| La Redondilla|||
505|Pedro Calderón de la Barca| El galán fantasma|| Mariano de Paco Serrano| Secuencia 3 Artes y Comunicación|||
506|Pedro Calderón de la Barca| El alcalde de Zalamea| 2 de julio de 2010| Eduardo Vasco|CNTC| Festival Internacional de Teatro Clásico de Almagro| Hospital de San Juan de Almagro|
507|Pedro Calderón de la Barca| La vida es sueño| 11 de julio de 2011| Carlos Almeida| Compañía de Titiriteros de la Universidad Nacional de San Martín| Festival Almagro Off| Teatro La Veleta, Almagro (España)|11-07-2011
508|Pedro Calderón de la Barca, Agustín de Moreto, Antonio Hurtado de Mendoza, Quiñones de Benavente| Entremeses barrocos| 3 de mayo de 2011| Aitana Galán, Elisa Marinas, Héctor del Saz, Pilar Valenciano|CNTC|| Teatro Pavón, Madrid|
509|Pedro Calderón de la Barca| Otro gran teatro del mundo| 21 de diciembre de 2012| Olga Margallo| Uroc Teatro|| Teatro Pavón, Madrid|21-12-2012
510|Pedro Calderón de la Barca| Lorca, Calderón y los estudiantes de Babel| 5 de julio de 2012| Toni Tordera| Escena Erasmus| Festival de Teatro Clásico de Almagro| Plaza de Santo Domingo de Almagro (Ciudad Real)|
511|Pedro Calderón de la Barca, Jesús Torres| La vida es sueño: el bululú||El Colectivo| El Aedo Teatro|||
512|Pedro Calderón de la Barca| La vida es sueño| 5 de julio de 2012|Helena Pimenta|CNTC| Festival de Teatro Clásico de Almagro| Hospital de San Juan de Almagro (Ciudad Real)|
513|Pedro Calderón de la Barca| La gran Zenobia| 18 de febrero de 2012| Gustavo Galindo| Teatro Galo Real| Festival La Alternativa| Nudo Teatro, Madrid|18-02-2012
514|Pedro Calderón de la Barca| En la vida todo es verdad y todo mentira| 12 de enero de 2012|Ernesto Caballero|CNTC|| Teatro Pavón, Madrid|12-01-2012
515|Pedro Calderón de la Barca| El pleito matrimonial del cuerpo y el alma|| Pau Bou Jordá| Teatre Pedra|||
516|Pedro Calderón de la Barca| El médico de su honra| 12 de mayo de 2012|| Teatro Corsario|||12-05-2012
517|Pedro Calderón de la Barca| El gran teatro del mundo| 20 de julio de 2012| Calixto Bieito| Barcelona Internacional Teatre. BIT| Festival Grec| Teatre Lliure de Barcelona|20-07-2012
518|Pedro Calderón de la Barca| Casa con dos puertas, mala es de guardar| 20 de julio de 2012|Gilberto Guerrero| Perro Teatro| Festival Internacional de Teatro Clásico de Almagro| Plaza de Santo Domingo de Almagro (Ciudad Real)|20-07-2012
519|Pedro Calderón de la Barca| A secreto agravio, secreta venganza| 15 de junio de 2013| Lino Ferreira| El Óbolo Producciones| Festival Clásicos en Alcalá| Corral de Comedias de Alcalá de Henares (Madrid)|
520|Pedro Calderón de la Barca|Segismundo, el príncipe prisionero|9 de julio de 2013|Dolores Garayalde|Tabacasol 2010|Festival de Teatro Clásico de Almagro|Teatro Municipal de Almagro|
521|Pedro Calderón de la Barca| Segismundo, el príncipe prisionero| 9 de julio de 2013| Dolores Garayalde|El Pitbull Teatro| Festival de Teatro Clásico de Almagro| Teatro Municipal de Almagro (Ciudad Real).|
522|Pedro Calderón de la Barca| No hay burlas con el amor|| Carlos Marchena| Teatro Furtivo|||
523|Pedro Calderón de la Barca| La dama duende| 13 de junio de 2013|Manuel Narros| Producciones Teatrales Faraute| Festival Clásicos en Alcalá|Teatro Salón Cervantes de Alcalá de Henares|13-06-2013
524|Pedro Calderón de la Barca| El gran teatro del mundo| 4 de abril de 2013|Carlos Saura| Teatro Español|| Naves del Español, Matadero Madrid.|
525|Pedro Calderón de la Barca| Darlo todo y no dar nada||Nuria Alkorta| Compañía Delabarca|||
526|Pedro Calderón de la Barca| Segismun2000| 22 de junio de 2012| Javier Navarro de Zuvillaga| Teatro Universitario de Bellas Artes, T.U.B.A.|| Salón de actos de la Facultad de Bellas Artes, Universidad Complutense de Madrid.|22-06-2012
527|Pedro Calderón de la Barca| No hay burlas con el amor| 2 de julio de 2013| Josemi Rodríguez| Pata Teatro|| Patio del Instituto Vicente Espinel de Málaga.|
528|Pedro Calderón de la Barca| Segismundo sueña... la vida es sueño 2.0| 8 de julio de 2014|Hugo Nieto| Ensamble Bufo|| Nave 1.1 de las Naves del Español, Matadero Madrid.|
529|Pedro Calderón de la Barca| La cómicos de la leNgua. VIda es sueño| 14 de abril de 2014| José Luis Gómez| Centro Dramático Nacional, CDN|III Centenario de la Real Academia| Teatro de La Abadía de Madrid.|
530|Pedro Calderón de la Barca| La cena del rey Baltasar| 28 de enero de 2014|Carlos Tuñón| Los Números Imaginarios|| Sala Kubik Fabrik de Madrid.|28-01-2014
531|Pedro Calderón de la Barca| El mágico prodigioso| 6 de junio de 2014|Karina Garantivá| Primas de Riesgo|Festival de Teatro Clásico| Plaza de las Veletas de Cáceres.|
532|Pedro Calderón de la Barca| Cómicos de la leNgua. Duelo de plumas: Góngora-Quevedo| 28 de abril de 2014|José Luis Gómez| Centro Dramático Nacional, CDN|III Centenario de la Real Academia| Teatro Español de Madrid.|28-04-2014
533|Pedro Calderón de la Barca| Antes que todo es mi dama| 14 de noviembre de 2014| Víctor Manuel Dogar| Teatro del Biombo|| Teatro Ideal de Calahorra, La Rioja.|14-11-2014
534|Pedro Calderón de la Barca| No hay burlas con el amor||Rosana García| Factoría Teatro|||
535|Pedro Calderón de la Barca| La crítica del amor|| Antonio Castillo Algarra| For the Fun of It|||
536|Pedro Calderón de la Barca| La cena del rey Baltasar|| Hermann Bonnín| La Seca Espai Brossa|||
537|Pedro Calderón de la Barca| Enrique VIII y la cisma de Inglaterra| 27 de febrero de 2015|Helena Pimenta| Compañía Nacional de Teatro Clásico (CNTC)|| Teatro Pavón de Madrid.|27-02-2015
538|Pedro Calderón de la Barca| El mágico prodigioso|| Yolanda Mancebo| El Viaje Entretenido|||
539|Pedro Calderón de la Barca| El Alcalde de Zalamea| 16 de octubre de 2015| Helena Pimenta| Compañía Nacional de Teatro Clásico (CNTC)|| Teatro de la Comedia de Madrid.|16-10-2015
540|Pedro Calderón de la Barca| Crónica de una casa real: La venganza de Tamar y Los cabellos de Absalón|| Gustavo Galindo, Mamen Camacho| Teatro Galo Real|||
541|Pedro Calderón de la Barca| La vida es sueño| 10 de noviembre de 2016| Carlos Martín| Teatro del Temple|| Teatro Principal de Zaragoza|10-11-2016
542|Pedro Calderón de la Barca| La vida es sueño| 14 de diciembre de 2016|César Barló| Almaviva Teatro| Jornada Lorca en la Complutense| Paraninfo de la Universidad Complutense de Madrid|
543|Pedro Calderón de la Barca, Lope de Vega Carpio|Préstame tus palabras 3|||Joven Compañía Nacional de Teatro Clásico|||
544|Pedro Calderón de la Barca| A secreto agravio, secreta venganza| 19 de julio de 2017| Pedro Hofhuis| Jóvenes Clásicos| Festival Almagro Off| Teatro La Veleta de Almagro|19-07-2017
545|Pedro Calderón de la Barca| Otro gran teatro del mundo| 16 de diciembre de 2017| Olga Margallo|CNTC, Uroc Teatro|| Teatro de la Comedia de Madrid|16-12-2017
546|Pedro Calderón de la Barca| La vida es sueño (vv. 105-106); La vida es sueño (vv.105-106)| 19 de abril de 2017| Carles Alfaro| Moma Teatre, Teatros del Canal| Teatros del Canal de Madrid| Teatros del Canal de Madrid|19-04-2017
547|Pedro Calderón de la Barca| La dama duende| 6 de julio de 2017| Helena Pimenta|CNTC| Festival de Almagro| Hospital de San Juan de Almagro|
548|Pedro Calderón de la Barca| El monstruo de los jardines| 18 de julio de 2017| David Lorente| In-Felice Teatro| Festival de Almagro Off| Teatro La Veleta de Almagro|18-07-2017
549|Pedro Calderón de la Barca| Eco y Narciso| 14 de julio de 2017| David Martínez| Miseria y Hambre Producciones| Festival Internacional de Teatro Clásico de Almagro| Espacio Miguel Narros de Almagro|14-07-2017
550|Pedro Calderón de la Barca| La vida es sueño| 13 de julio de 2018| ClÃ©ment PoirÃ©e| Théâtre de la Tempete| Festival Internacional de Teatro Clásico de Almagro| Antigua Universidad Renacentista AUREA de Almagro|13-07-2018
551|Pedro Calderón de la Barca| La hidalga del valle| 10 de julio de 2018| Ernesto de Diego| Corrales de Comedias Teatro| Festival Internacional de Teatro Clásico de Almagro| Corral de Comedias de Almagro|10-07-2018
552|Pedro Calderón de la Barca| No hay burlas con el amor| 19 de julio de 2018| Juan Polanco| Producciones Esquivas| Festival Internacional de Teatro Clásico de Almagro| Teatro Municipal de Almagro|19-07-2018
553|Pedro Calderón de la Barca| La señora y la criada| 10 de diciembre de 2019| Miguel del Arco| Joven Compañía Nacional de Teatro Clásico, JCNTC|| Teatro de la Comedia de Madrid|10-12-2019
554|Pedro Calderón de la Barca| La hija del aire|| Mario Gas| Compañía Nacional de Teatro Clásico,CNTC|| Compañía Nacional de Teatro Clásico,CNTC|
555|Pedro Calderón de la Barca| La gran lucha del mundo|| Salomón Santiago L.| La Quinta Teatro, Al Rescate|| La Quinta Teatro, Al Rescate|
556|Pedro Calderón de la Barca| La dama duende|| Jara Martínez Valderas, Caja Negra| Ugala Teater|||
557|Pedro Calderón de la Barca| El galán fantasma| 1 de noviembre de 2019| Rafael Rodríguez| 2Rc Producciones| Teatro Pérez Galdós de Las Palmas de Gran Canaria| Teatro Pérez Galdós de Las Palmas de Gran Canaria|11-02-2019
558|Pedro Calderón de la Barca| Con quien vengo, vengo|| Gabriel Garbisu| Amara Producciones|||
559|Pedro Calderón de la Barca| Aire|| José María Esbec| ThreeR Teatro|||
560|Pedro Calderón de la Barca| No hay burlas con el amor| 29 de julio de 2020| No disponible| Lasardaproduce| Fiesta Corral Cervantes| Lasardaproduce|29-07-2020
561|Lope de Vega, Pedro Calderón de la Barca, Tirso de Molina| Mujeres del Siglo de Oro| 18 de septiembre de 2020| No disponible| Teatro Corsario| No disponible| Teatro Corsario|
562|Pedro Calderón de la Barca| Céfalo y Pocris| 15 de julio de 2020| No disponible| Teatro del Velador| Festival Internacional de Teatro Clásico de Almagro| Teatro del Velador|15-07-2020
563|Pedro Calderón de la Barca| Casa con dos puertas, mala es de guardar| 23 de julio de 2020| No disponible| Clásicos on the Road| Festival Internacional de Teatro Clásico de Almagro| ClÃ¡sicos on the Road|23-07-2020
564|Agustín Moreto, Pedro Calderón de la Barca| Andanzas y entremeses de Juan Rana| 7 de febrero de 2020| No disponible| Ron Lalá Teatro S.L., Compañía Nacional de Teatro Clásico (CNTC)| No disponible| Ron Lalá Teatro S.L., Compañía Nacional de Teatro Clásico (CNTC)|
565|Pedro Calderón de la Barca| La crítica del amor| No disponible| No disponible| For the Fun of It| No disponible| For the Fun of It|28-02-2023
566|Pedro Calderón de la Barca| La cena del rey Baltasar| No disponible| No disponible| La Seca Espai Brossa| No disponible| La Seca Espai Brossa|31-05-2023
567|Pedro Calderón de la Barca| Enrique VIII y la cisma de Inglaterra| 27 de febrero de 2015| No disponible| Compañía Nacional de Teatro Clásico (CNTC)| No disponible| CompaÃ±Ã­a Nacional de Teatro ClÃ¡sico (CNTC)|27-02-2015
568|Pedro Calderón de la Barca| La vida es sueño| 23 de octubre de 2021| No disponible| Teatre Lliure| No disponible| Teatre Lliure|23-10-2021
569|Pedro Calderón de la Barca| La vida es sueño| 16 de julio de 2021| No disponible| Producciones La Folía| Festival de Teatro Clásico de Almagro| Producciones La FolÃ­a|16-07-2021
570|Pedro Calderón de la Barca| No hay burlas con el amor| 27 de noviembre de 2021| No disponible| Butaca 78| No disponible| Butaca 78|27-11-2021
571|Pedro Calderón de la Barca| La vida es sueño| 17 de febrero de 2021| No disponible| Compañía nacional de Teatro Clásico (CNTC)| No disponible| CompaÃ±Ã­a Nacional de Teatro ClÃ¡sico (CNTC)|17-02-2021
572|Pedro Calderón de la Barca| No hay burlas con el amor (Reposición)| 10 de junio de 2021| No disponible| GG Producción y Distribución Escénica, Festival Clásicos en Alcalá| Festival Iberoamericano del Siglo de Oro, Clásicos en Alcalá| GG Producción y Distribución EscÃ©nica, Festival ClÃ¡sicos en AlcalÃ¡|10-06-2021
573|Pedro Calderón de la Barca, Lope de Vega, Tirso de Molina, Alfonso Palomares, Javier Trillo| Don Gil de Olmedo es sueño| 28 de septiembre de 2021| Alfonso Palomares| Lagartolagarto, Zazurca Artes Escénicas| No disponible| Teatro Olimpia de Huesca.|28-09-2021
574|Pedro Calderón de la Barca| Amar después de la muerte| No disponible| Carlos Martínez-Abarca| Maná Obras Teatro| No disponible| No disponible.|
575|Pedro Calderón de la Barca| La hija del aire| No disponible| Ernesto Caballero| Los Veranos de la Villa, Fundación Juan March| No disponible| No disponible.|31-05-2023
576|Pedro Calderón de la Barca, Antonio Machado, Mario Benedetti, William Shakespeare, Alfonsina Storni| Paladio Arte| 10 de noviembre de 2021| Pablo Tercero, Marta Cantero| Paladio Arte| No disponible| Teatro Juan Bravo de Segovia.|10-11-2021
577|Pedro Calderón de la Barca, Ana Caro, Félix Lope de Vega| Eco y Narciso, Valor, agravio y mujer, Fuenteovejuna| 4 de marzo de 2021| Mariano Estudillo| Joven Compañía nacional de Teatro Clásico (JCNTC)| No disponible| Sala Tirso de Molina del Teatro de la Comedia de Madrid.|04-03-2021
578|Pedro Calderón de la Barca| La gran Cenobia| 13 de enero de 2022| David Boceta| Compañía nacional de Teatro Clásico,CNTC|| CompaÃ±Ã­a Nacional de Teatro ClÃ¡sico,CNTC|13-01-2022
579|Pedro Calderón de la Barca| La vida es sueño| 2 de julio de 2022| Mariano de Paco| Teatro Círculo|| Monasterio Cisterciense de San Bernardo de AlcalÃ¡ de Henares, Madrid|27-06-2022
580|Pedro Calderón de la Barca| La vida es sueño. Versión musical| 1 de julio de 2022| Macarena Baeza de la Fuente| Teatro la Calderona|| Teatro la Calderona|01-07-2022
581|Pedro Calderón de la Barca| La vida es sueño en sus versos esenciales| 27 de julio de 2022|| Olmedo Clásico. Festival de Teatro Clásico de Olmedo|||27-07-2022
